[0m15:07:06.854124 [debug] [MainThread]: Sending event: {'category': 'dbt', 'action': 'invocation', 'label': 'start', 'context': [<snowplow_tracker.self_describing_json.SelfDescribingJson object at 0x1083ca330>, <snowplow_tracker.self_describing_json.SelfDescribingJson object at 0x1083f07a0>, <snowplow_tracker.self_describing_json.SelfDescribingJson object at 0x1083f0410>]}


============================== 15:07:06.856406 | 312aaf77-e189-41a6-a21f-ca315499110a ==============================
[0m15:07:06.856406 [info ] [MainThread]: Running with dbt=1.7.9
[0m15:07:06.856662 [debug] [MainThread]: running dbt with arguments {'printer_width': '80', 'indirect_selection': 'eager', 'log_cache_events': 'False', 'write_json': 'True', 'partial_parse': 'True', 'cache_selected_only': 'False', 'profiles_dir': '/Users/claetiane/.dbt', 'version_check': 'True', 'debug': 'False', 'log_path': 'logs', 'warn_error': 'None', 'fail_fast': 'False', 'use_colors': 'True', 'use_experimental_parser': 'False', 'no_print': 'None', 'quiet': 'False', 'warn_error_options': 'WarnErrorOptions(include=[], exclude=[])', 'invocation_command': 'dbt init', 'static_parser': 'True', 'log_format': 'default', 'target_path': 'None', 'introspect': 'True', 'send_anonymous_usage_stats': 'True'}
[0m15:07:06.856902 [warn ] [MainThread]: [ConfigFolderDirectory]: Unable to parse dict {'dir': PosixPath('/Users/claetiane/.dbt')}
[0m15:07:06.857038 [info ] [MainThread]: Creating dbt configuration folder at 
[0m15:09:13.418572 [debug] [MainThread]: Starter project path: /Users/claetiane/Documents/VSCode/my-dbt-env/lib/python3.12/site-packages/dbt/include/starter_project
[0m15:09:13.435494 [info ] [MainThread]: 
Your new dbt project "dbt_questpl" was created!

For more information on how to configure the profiles.yml file,
please consult the dbt documentation here:

  https://docs.getdbt.com/docs/configure-your-profile

One more thing:

Need help? Don't hesitate to reach out to us via GitHub issues or on Slack:

  https://community.getdbt.com/

Happy modeling!

[0m15:09:13.435997 [info ] [MainThread]: Setting up your profile.
[0m15:12:02.108464 [info ] [MainThread]: Profile dbt_questpl written to /Users/claetiane/.dbt/profiles.yml using target's sample configuration. Once updated, you'll be able to start developing with dbt.
[0m15:12:02.122547 [debug] [MainThread]: Sending event: {'category': 'dbt', 'action': 'invocation', 'label': 'end', 'context': [<snowplow_tracker.self_describing_json.SelfDescribingJson object at 0x108031370>, <snowplow_tracker.self_describing_json.SelfDescribingJson object at 0x1080525a0>, <snowplow_tracker.self_describing_json.SelfDescribingJson object at 0x1084e23f0>]}
[0m15:12:02.122883 [debug] [MainThread]: Flushing usage events
[0m13:14:04.648663 [debug] [MainThread]: Sending event: {'category': 'dbt', 'action': 'invocation', 'label': 'start', 'context': [<snowplow_tracker.self_describing_json.SelfDescribingJson object at 0x1089916a0>, <snowplow_tracker.self_describing_json.SelfDescribingJson object at 0x108a8a9f0>, <snowplow_tracker.self_describing_json.SelfDescribingJson object at 0x108a8a660>]}


============================== 13:14:04.650715 | fcdacabe-e87e-43d4-8f47-dbb366decd41 ==============================
[0m13:14:04.650715 [info ] [MainThread]: Running with dbt=1.7.9
[0m13:14:04.650977 [debug] [MainThread]: running dbt with arguments {'printer_width': '80', 'indirect_selection': 'eager', 'write_json': 'True', 'log_cache_events': 'False', 'partial_parse': 'True', 'cache_selected_only': 'False', 'warn_error': 'None', 'version_check': 'True', 'fail_fast': 'False', 'log_path': '/Users/claetiane/Documents/VSCode/dbt_questpl/logs', 'debug': 'False', 'profiles_dir': '/Users/claetiane/Documents/VSCode/dbt_questpl', 'use_colors': 'True', 'use_experimental_parser': 'False', 'no_print': 'None', 'quiet': 'False', 'warn_error_options': 'WarnErrorOptions(include=[], exclude=[])', 'invocation_command': 'dbt init', 'introspect': 'True', 'static_parser': 'True', 'target_path': 'None', 'log_format': 'default', 'send_anonymous_usage_stats': 'True'}
[0m13:14:04.652071 [info ] [MainThread]: Setting up your profile.
[0m13:14:04.652648 [error] [MainThread]: Encountered an error:
while scanning a simple key
  in "/Users/claetiane/Documents/VSCode/dbt_questpl/profiles.yml", line 16, column 7
could not find expected ':'
  in "/Users/claetiane/Documents/VSCode/dbt_questpl/profiles.yml", line 17, column 7
[0m13:14:04.655504 [error] [MainThread]: Traceback (most recent call last):
  File "/opt/anaconda3/lib/python3.12/site-packages/dbt/cli/requires.py", line 91, in wrapper
    result, success = func(*args, **kwargs)
                      ^^^^^^^^^^^^^^^^^^^^^
  File "/opt/anaconda3/lib/python3.12/site-packages/dbt/cli/requires.py", line 76, in wrapper
    return func(*args, **kwargs)
           ^^^^^^^^^^^^^^^^^^^^^
  File "/opt/anaconda3/lib/python3.12/site-packages/dbt/cli/main.py", line 515, in init
    results = task.run()
              ^^^^^^^^^^
  File "/opt/anaconda3/lib/python3.12/site-packages/dbt/task/init.py", line 318, in run
    self.setup_profile(profile_name)
  File "/opt/anaconda3/lib/python3.12/site-packages/dbt/task/init.py", line 250, in setup_profile
    if not self.check_if_can_write_profile(profile_name=profile_name):
           ^^^^^^^^^^^^^^^^^^^^^^^^^^^^^^^^^^^^^^^^^^^^^^^^^^^^^^^^^^
  File "/opt/anaconda3/lib/python3.12/site-packages/dbt/task/init.py", line 211, in check_if_can_write_profile
    profiles = yaml.safe_load(f) or {}
               ^^^^^^^^^^^^^^^^^
  File "/opt/anaconda3/lib/python3.12/site-packages/yaml/__init__.py", line 125, in safe_load
    return load(stream, SafeLoader)
           ^^^^^^^^^^^^^^^^^^^^^^^^
  File "/opt/anaconda3/lib/python3.12/site-packages/yaml/__init__.py", line 81, in load
    return loader.get_single_data()
           ^^^^^^^^^^^^^^^^^^^^^^^^
  File "/opt/anaconda3/lib/python3.12/site-packages/yaml/constructor.py", line 49, in get_single_data
    node = self.get_single_node()
           ^^^^^^^^^^^^^^^^^^^^^^
  File "/opt/anaconda3/lib/python3.12/site-packages/yaml/composer.py", line 36, in get_single_node
    document = self.compose_document()
               ^^^^^^^^^^^^^^^^^^^^^^^
  File "/opt/anaconda3/lib/python3.12/site-packages/yaml/composer.py", line 55, in compose_document
    node = self.compose_node(None, None)
           ^^^^^^^^^^^^^^^^^^^^^^^^^^^^^
  File "/opt/anaconda3/lib/python3.12/site-packages/yaml/composer.py", line 84, in compose_node
    node = self.compose_mapping_node(anchor)
           ^^^^^^^^^^^^^^^^^^^^^^^^^^^^^^^^^
  File "/opt/anaconda3/lib/python3.12/site-packages/yaml/composer.py", line 133, in compose_mapping_node
    item_value = self.compose_node(node, item_key)
                 ^^^^^^^^^^^^^^^^^^^^^^^^^^^^^^^^^
  File "/opt/anaconda3/lib/python3.12/site-packages/yaml/composer.py", line 84, in compose_node
    node = self.compose_mapping_node(anchor)
           ^^^^^^^^^^^^^^^^^^^^^^^^^^^^^^^^^
  File "/opt/anaconda3/lib/python3.12/site-packages/yaml/composer.py", line 133, in compose_mapping_node
    item_value = self.compose_node(node, item_key)
                 ^^^^^^^^^^^^^^^^^^^^^^^^^^^^^^^^^
  File "/opt/anaconda3/lib/python3.12/site-packages/yaml/composer.py", line 84, in compose_node
    node = self.compose_mapping_node(anchor)
           ^^^^^^^^^^^^^^^^^^^^^^^^^^^^^^^^^
  File "/opt/anaconda3/lib/python3.12/site-packages/yaml/composer.py", line 133, in compose_mapping_node
    item_value = self.compose_node(node, item_key)
                 ^^^^^^^^^^^^^^^^^^^^^^^^^^^^^^^^^
  File "/opt/anaconda3/lib/python3.12/site-packages/yaml/composer.py", line 84, in compose_node
    node = self.compose_mapping_node(anchor)
           ^^^^^^^^^^^^^^^^^^^^^^^^^^^^^^^^^
  File "/opt/anaconda3/lib/python3.12/site-packages/yaml/composer.py", line 127, in compose_mapping_node
    while not self.check_event(MappingEndEvent):
              ^^^^^^^^^^^^^^^^^^^^^^^^^^^^^^^^^
  File "/opt/anaconda3/lib/python3.12/site-packages/yaml/parser.py", line 98, in check_event
    self.current_event = self.state()
                         ^^^^^^^^^^^^
  File "/opt/anaconda3/lib/python3.12/site-packages/yaml/parser.py", line 428, in parse_block_mapping_key
    if self.check_token(KeyToken):
       ^^^^^^^^^^^^^^^^^^^^^^^^^^
  File "/opt/anaconda3/lib/python3.12/site-packages/yaml/scanner.py", line 116, in check_token
    self.fetch_more_tokens()
  File "/opt/anaconda3/lib/python3.12/site-packages/yaml/scanner.py", line 162, in fetch_more_tokens
    self.stale_possible_simple_keys()
  File "/opt/anaconda3/lib/python3.12/site-packages/yaml/scanner.py", line 291, in stale_possible_simple_keys
    raise ScannerError("while scanning a simple key", key.mark,
yaml.scanner.ScannerError: while scanning a simple key
  in "/Users/claetiane/Documents/VSCode/dbt_questpl/profiles.yml", line 16, column 7
could not find expected ':'
  in "/Users/claetiane/Documents/VSCode/dbt_questpl/profiles.yml", line 17, column 7

[0m13:14:04.657172 [debug] [MainThread]: Sending event: {'category': 'dbt', 'action': 'invocation', 'label': 'end', 'context': [<snowplow_tracker.self_describing_json.SelfDescribingJson object at 0x1087ff140>, <snowplow_tracker.self_describing_json.SelfDescribingJson object at 0x108780c80>, <snowplow_tracker.self_describing_json.SelfDescribingJson object at 0x10860d280>]}
[0m13:14:04.657444 [debug] [MainThread]: Flushing usage events
[0m13:20:48.886200 [debug] [MainThread]: Sending event: {'category': 'dbt', 'action': 'invocation', 'label': 'start', 'context': [<snowplow_tracker.self_describing_json.SelfDescribingJson object at 0x109368a10>, <snowplow_tracker.self_describing_json.SelfDescribingJson object at 0x10936a660>, <snowplow_tracker.self_describing_json.SelfDescribingJson object at 0x10936a360>]}


============================== 13:20:48.887881 | 80e81273-3aa6-4fa7-86e2-62c90068da57 ==============================
[0m13:20:48.887881 [info ] [MainThread]: Running with dbt=1.7.9
[0m13:20:48.888141 [debug] [MainThread]: running dbt with arguments {'printer_width': '80', 'indirect_selection': 'eager', 'log_cache_events': 'False', 'write_json': 'True', 'partial_parse': 'True', 'cache_selected_only': 'False', 'profiles_dir': '/Users/claetiane/Documents/VSCode/dbt_questpl', 'fail_fast': 'False', 'version_check': 'True', 'log_path': '/Users/claetiane/Documents/VSCode/dbt_questpl/logs', 'warn_error': 'None', 'debug': 'False', 'use_colors': 'True', 'use_experimental_parser': 'False', 'no_print': 'None', 'quiet': 'False', 'log_format': 'default', 'static_parser': 'True', 'invocation_command': 'dbt init', 'introspect': 'True', 'target_path': 'None', 'warn_error_options': 'WarnErrorOptions(include=[], exclude=[])', 'send_anonymous_usage_stats': 'True'}
[0m13:20:48.889137 [info ] [MainThread]: Setting up your profile.
[0m13:20:48.889671 [error] [MainThread]: Encountered an error:
while scanning a simple key
  in "/Users/claetiane/Documents/VSCode/dbt_questpl/profiles.yml", line 16, column 7
could not find expected ':'
  in "/Users/claetiane/Documents/VSCode/dbt_questpl/profiles.yml", line 17, column 7
[0m13:20:48.890855 [error] [MainThread]: Traceback (most recent call last):
  File "/opt/anaconda3/lib/python3.12/site-packages/dbt/cli/requires.py", line 91, in wrapper
    result, success = func(*args, **kwargs)
                      ^^^^^^^^^^^^^^^^^^^^^
  File "/opt/anaconda3/lib/python3.12/site-packages/dbt/cli/requires.py", line 76, in wrapper
    return func(*args, **kwargs)
           ^^^^^^^^^^^^^^^^^^^^^
  File "/opt/anaconda3/lib/python3.12/site-packages/dbt/cli/main.py", line 515, in init
    results = task.run()
              ^^^^^^^^^^
  File "/opt/anaconda3/lib/python3.12/site-packages/dbt/task/init.py", line 318, in run
    self.setup_profile(profile_name)
  File "/opt/anaconda3/lib/python3.12/site-packages/dbt/task/init.py", line 250, in setup_profile
    if not self.check_if_can_write_profile(profile_name=profile_name):
           ^^^^^^^^^^^^^^^^^^^^^^^^^^^^^^^^^^^^^^^^^^^^^^^^^^^^^^^^^^
  File "/opt/anaconda3/lib/python3.12/site-packages/dbt/task/init.py", line 211, in check_if_can_write_profile
    profiles = yaml.safe_load(f) or {}
               ^^^^^^^^^^^^^^^^^
  File "/opt/anaconda3/lib/python3.12/site-packages/yaml/__init__.py", line 125, in safe_load
    return load(stream, SafeLoader)
           ^^^^^^^^^^^^^^^^^^^^^^^^
  File "/opt/anaconda3/lib/python3.12/site-packages/yaml/__init__.py", line 81, in load
    return loader.get_single_data()
           ^^^^^^^^^^^^^^^^^^^^^^^^
  File "/opt/anaconda3/lib/python3.12/site-packages/yaml/constructor.py", line 49, in get_single_data
    node = self.get_single_node()
           ^^^^^^^^^^^^^^^^^^^^^^
  File "/opt/anaconda3/lib/python3.12/site-packages/yaml/composer.py", line 36, in get_single_node
    document = self.compose_document()
               ^^^^^^^^^^^^^^^^^^^^^^^
  File "/opt/anaconda3/lib/python3.12/site-packages/yaml/composer.py", line 55, in compose_document
    node = self.compose_node(None, None)
           ^^^^^^^^^^^^^^^^^^^^^^^^^^^^^
  File "/opt/anaconda3/lib/python3.12/site-packages/yaml/composer.py", line 84, in compose_node
    node = self.compose_mapping_node(anchor)
           ^^^^^^^^^^^^^^^^^^^^^^^^^^^^^^^^^
  File "/opt/anaconda3/lib/python3.12/site-packages/yaml/composer.py", line 133, in compose_mapping_node
    item_value = self.compose_node(node, item_key)
                 ^^^^^^^^^^^^^^^^^^^^^^^^^^^^^^^^^
  File "/opt/anaconda3/lib/python3.12/site-packages/yaml/composer.py", line 84, in compose_node
    node = self.compose_mapping_node(anchor)
           ^^^^^^^^^^^^^^^^^^^^^^^^^^^^^^^^^
  File "/opt/anaconda3/lib/python3.12/site-packages/yaml/composer.py", line 133, in compose_mapping_node
    item_value = self.compose_node(node, item_key)
                 ^^^^^^^^^^^^^^^^^^^^^^^^^^^^^^^^^
  File "/opt/anaconda3/lib/python3.12/site-packages/yaml/composer.py", line 84, in compose_node
    node = self.compose_mapping_node(anchor)
           ^^^^^^^^^^^^^^^^^^^^^^^^^^^^^^^^^
  File "/opt/anaconda3/lib/python3.12/site-packages/yaml/composer.py", line 133, in compose_mapping_node
    item_value = self.compose_node(node, item_key)
                 ^^^^^^^^^^^^^^^^^^^^^^^^^^^^^^^^^
  File "/opt/anaconda3/lib/python3.12/site-packages/yaml/composer.py", line 84, in compose_node
    node = self.compose_mapping_node(anchor)
           ^^^^^^^^^^^^^^^^^^^^^^^^^^^^^^^^^
  File "/opt/anaconda3/lib/python3.12/site-packages/yaml/composer.py", line 127, in compose_mapping_node
    while not self.check_event(MappingEndEvent):
              ^^^^^^^^^^^^^^^^^^^^^^^^^^^^^^^^^
  File "/opt/anaconda3/lib/python3.12/site-packages/yaml/parser.py", line 98, in check_event
    self.current_event = self.state()
                         ^^^^^^^^^^^^
  File "/opt/anaconda3/lib/python3.12/site-packages/yaml/parser.py", line 428, in parse_block_mapping_key
    if self.check_token(KeyToken):
       ^^^^^^^^^^^^^^^^^^^^^^^^^^
  File "/opt/anaconda3/lib/python3.12/site-packages/yaml/scanner.py", line 116, in check_token
    self.fetch_more_tokens()
  File "/opt/anaconda3/lib/python3.12/site-packages/yaml/scanner.py", line 162, in fetch_more_tokens
    self.stale_possible_simple_keys()
  File "/opt/anaconda3/lib/python3.12/site-packages/yaml/scanner.py", line 291, in stale_possible_simple_keys
    raise ScannerError("while scanning a simple key", key.mark,
yaml.scanner.ScannerError: while scanning a simple key
  in "/Users/claetiane/Documents/VSCode/dbt_questpl/profiles.yml", line 16, column 7
could not find expected ':'
  in "/Users/claetiane/Documents/VSCode/dbt_questpl/profiles.yml", line 17, column 7

[0m13:20:48.891624 [debug] [MainThread]: Sending event: {'category': 'dbt', 'action': 'invocation', 'label': 'end', 'context': [<snowplow_tracker.self_describing_json.SelfDescribingJson object at 0x1090ade20>, <snowplow_tracker.self_describing_json.SelfDescribingJson object at 0x1090df1d0>, <snowplow_tracker.self_describing_json.SelfDescribingJson object at 0x109273410>]}
[0m13:20:48.891797 [debug] [MainThread]: Flushing usage events
[0m13:25:08.059952 [debug] [MainThread]: Sending event: {'category': 'dbt', 'action': 'invocation', 'label': 'start', 'context': [<snowplow_tracker.self_describing_json.SelfDescribingJson object at 0x119520860>, <snowplow_tracker.self_describing_json.SelfDescribingJson object at 0x119098aa0>, <snowplow_tracker.self_describing_json.SelfDescribingJson object at 0x119563fb0>]}


============================== 13:25:08.061665 | 1e6c7845-9f2e-481b-9411-f10f1f0e810e ==============================
[0m13:25:08.061665 [info ] [MainThread]: Running with dbt=1.7.9
[0m13:25:08.061919 [debug] [MainThread]: running dbt with arguments {'printer_width': '80', 'indirect_selection': 'eager', 'log_cache_events': 'False', 'write_json': 'True', 'partial_parse': 'True', 'cache_selected_only': 'False', 'profiles_dir': '/Users/claetiane/Documents/VSCode/dbt_questpl', 'debug': 'False', 'fail_fast': 'False', 'log_path': '/Users/claetiane/Documents/VSCode/dbt_questpl/logs', 'version_check': 'True', 'warn_error': 'None', 'use_colors': 'True', 'use_experimental_parser': 'False', 'no_print': 'None', 'quiet': 'False', 'log_format': 'default', 'static_parser': 'True', 'introspect': 'True', 'warn_error_options': 'WarnErrorOptions(include=[], exclude=[])', 'target_path': 'None', 'invocation_command': 'dbt init', 'send_anonymous_usage_stats': 'True'}
[0m13:25:08.062899 [info ] [MainThread]: Setting up your profile.
[0m13:25:33.526245 [debug] [MainThread]: Sending event: {'category': 'dbt', 'action': 'invocation', 'label': 'end', 'context': [<snowplow_tracker.self_describing_json.SelfDescribingJson object at 0x119258140>, <snowplow_tracker.self_describing_json.SelfDescribingJson object at 0x118676900>, <snowplow_tracker.self_describing_json.SelfDescribingJson object at 0x118363830>]}
[0m13:25:33.526642 [debug] [MainThread]: Flushing usage events
[0m13:26:33.386876 [debug] [MainThread]: Sending event: {'category': 'dbt', 'action': 'invocation', 'label': 'start', 'context': [<snowplow_tracker.self_describing_json.SelfDescribingJson object at 0x109251a60>, <snowplow_tracker.self_describing_json.SelfDescribingJson object at 0x108f8caa0>, <snowplow_tracker.self_describing_json.SelfDescribingJson object at 0x10928ffb0>]}


============================== 13:26:33.388610 | 661497b6-0e99-4096-b291-259a463a6436 ==============================
[0m13:26:33.388610 [info ] [MainThread]: Running with dbt=1.7.9
[0m13:26:33.388869 [debug] [MainThread]: running dbt with arguments {'printer_width': '80', 'indirect_selection': 'eager', 'write_json': 'True', 'log_cache_events': 'False', 'partial_parse': 'True', 'cache_selected_only': 'False', 'profiles_dir': '/Users/claetiane/Documents/VSCode/dbt_questpl', 'version_check': 'True', 'debug': 'False', 'log_path': '/Users/claetiane/Documents/VSCode/dbt_questpl/logs', 'fail_fast': 'False', 'warn_error': 'None', 'use_colors': 'True', 'use_experimental_parser': 'False', 'no_print': 'None', 'quiet': 'False', 'log_format': 'default', 'introspect': 'True', 'invocation_command': 'dbt init', 'warn_error_options': 'WarnErrorOptions(include=[], exclude=[])', 'target_path': 'None', 'static_parser': 'True', 'send_anonymous_usage_stats': 'True'}
[0m13:26:33.389862 [info ] [MainThread]: Setting up your profile.
[0m13:26:46.293266 [debug] [MainThread]: Sending event: {'category': 'dbt', 'action': 'invocation', 'label': 'end', 'context': [<snowplow_tracker.self_describing_json.SelfDescribingJson object at 0x108dd45f0>, <snowplow_tracker.self_describing_json.SelfDescribingJson object at 0x10917de20>, <snowplow_tracker.self_describing_json.SelfDescribingJson object at 0x109159760>]}
[0m13:26:46.293604 [debug] [MainThread]: Flushing usage events
[0m14:18:59.227160 [debug] [MainThread]: Sending event: {'category': 'dbt', 'action': 'invocation', 'label': 'start', 'context': [<snowplow_tracker.self_describing_json.SelfDescribingJson object at 0x107c20a10>, <snowplow_tracker.self_describing_json.SelfDescribingJson object at 0x10750eae0>, <snowplow_tracker.self_describing_json.SelfDescribingJson object at 0x107c5fec0>]}


============================== 14:18:59.229362 | f13b2365-2427-4aee-b73f-95b01bbf7072 ==============================
[0m14:18:59.229362 [info ] [MainThread]: Running with dbt=1.7.9
[0m14:18:59.229637 [debug] [MainThread]: running dbt with arguments {'printer_width': '80', 'indirect_selection': 'eager', 'write_json': 'True', 'log_cache_events': 'False', 'partial_parse': 'True', 'cache_selected_only': 'False', 'warn_error': 'None', 'version_check': 'True', 'debug': 'False', 'log_path': '/Users/claetiane/Documents/VSCode/dbt_questpl/logs', 'profiles_dir': '/Users/claetiane/Documents/VSCode/dbt_questpl', 'fail_fast': 'False', 'use_colors': 'True', 'use_experimental_parser': 'False', 'no_print': 'None', 'quiet': 'False', 'log_format': 'default', 'static_parser': 'True', 'invocation_command': 'dbt init', 'introspect': 'True', 'target_path': 'None', 'warn_error_options': 'WarnErrorOptions(include=[], exclude=[])', 'send_anonymous_usage_stats': 'True'}
[0m14:18:59.230668 [info ] [MainThread]: Setting up your profile.
[0m14:19:14.443764 [debug] [MainThread]: Sending event: {'category': 'dbt', 'action': 'invocation', 'label': 'end', 'context': [<snowplow_tracker.self_describing_json.SelfDescribingJson object at 0x107c20a10>, <snowplow_tracker.self_describing_json.SelfDescribingJson object at 0x102cdf260>, <snowplow_tracker.self_describing_json.SelfDescribingJson object at 0x106680bf0>]}
[0m14:19:14.444124 [debug] [MainThread]: Flushing usage events
[0m14:20:22.394984 [debug] [MainThread]: Sending event: {'category': 'dbt', 'action': 'invocation', 'label': 'start', 'context': [<snowplow_tracker.self_describing_json.SelfDescribingJson object at 0x1091d8a40>, <snowplow_tracker.self_describing_json.SelfDescribingJson object at 0x109217e90>, <snowplow_tracker.self_describing_json.SelfDescribingJson object at 0x109217ec0>]}


============================== 14:20:22.396766 | 49c2a6bd-fc02-4f3d-83bf-347c17afb621 ==============================
[0m14:20:22.396766 [info ] [MainThread]: Running with dbt=1.7.9
[0m14:20:22.397035 [debug] [MainThread]: running dbt with arguments {'printer_width': '80', 'indirect_selection': 'eager', 'write_json': 'True', 'log_cache_events': 'False', 'partial_parse': 'True', 'cache_selected_only': 'False', 'profiles_dir': '/Users/claetiane/Documents/VSCode/dbt_questpl', 'version_check': 'True', 'fail_fast': 'False', 'log_path': '/Users/claetiane/Documents/VSCode/dbt_questpl/logs', 'debug': 'False', 'warn_error': 'None', 'use_colors': 'True', 'use_experimental_parser': 'False', 'no_print': 'None', 'quiet': 'False', 'log_format': 'default', 'static_parser': 'True', 'warn_error_options': 'WarnErrorOptions(include=[], exclude=[])', 'invocation_command': 'dbt init', 'target_path': 'None', 'introspect': 'True', 'send_anonymous_usage_stats': 'True'}
[0m14:20:22.398012 [info ] [MainThread]: Setting up your profile.
[0m14:20:32.703889 [debug] [MainThread]: Sending event: {'category': 'dbt', 'action': 'invocation', 'label': 'end', 'context': [<snowplow_tracker.self_describing_json.SelfDescribingJson object at 0x1090d45f0>, <snowplow_tracker.self_describing_json.SelfDescribingJson object at 0x109505790>, <snowplow_tracker.self_describing_json.SelfDescribingJson object at 0x10934a480>]}
[0m14:20:32.704223 [debug] [MainThread]: Flushing usage events
[0m14:22:29.086138 [debug] [MainThread]: Sending event: {'category': 'dbt', 'action': 'invocation', 'label': 'start', 'context': [<snowplow_tracker.self_describing_json.SelfDescribingJson object at 0x107136150>, <snowplow_tracker.self_describing_json.SelfDescribingJson object at 0x10716fe60>, <snowplow_tracker.self_describing_json.SelfDescribingJson object at 0x1071a0380>]}


============================== 14:22:29.087842 | 2a435957-6f2d-45af-a656-9601ee27b5c4 ==============================
[0m14:22:29.087842 [info ] [MainThread]: Running with dbt=1.7.9
[0m14:22:29.088103 [debug] [MainThread]: running dbt with arguments {'printer_width': '80', 'indirect_selection': 'eager', 'log_cache_events': 'False', 'write_json': 'True', 'partial_parse': 'True', 'cache_selected_only': 'False', 'warn_error': 'None', 'debug': 'False', 'version_check': 'True', 'log_path': '/Users/claetiane/Documents/VSCode/dbt_questpl/logs', 'fail_fast': 'False', 'profiles_dir': '/Users/claetiane/Documents/VSCode/dbt_questpl', 'use_colors': 'True', 'use_experimental_parser': 'False', 'no_print': 'None', 'quiet': 'False', 'warn_error_options': 'WarnErrorOptions(include=[], exclude=[])', 'invocation_command': 'dbt run', 'log_format': 'default', 'static_parser': 'True', 'target_path': 'None', 'introspect': 'True', 'send_anonymous_usage_stats': 'True'}
[0m14:22:29.111242 [error] [MainThread]: Encountered an error:
Runtime Error
  Credentials in profile "dbt_quest", target "dev" invalid: ['schema'] is not valid under any of the given schemas
[0m14:22:29.111969 [debug] [MainThread]: Sending event: {'category': 'dbt', 'action': 'invocation', 'label': 'end', 'context': [<snowplow_tracker.self_describing_json.SelfDescribingJson object at 0x1071a0680>, <snowplow_tracker.self_describing_json.SelfDescribingJson object at 0x106de81a0>, <snowplow_tracker.self_describing_json.SelfDescribingJson object at 0x106c5d520>]}
[0m14:22:29.112156 [debug] [MainThread]: Flushing usage events
[0m14:22:39.507401 [debug] [MainThread]: Sending event: {'category': 'dbt', 'action': 'invocation', 'label': 'start', 'context': [<snowplow_tracker.self_describing_json.SelfDescribingJson object at 0x1048f54c0>, <snowplow_tracker.self_describing_json.SelfDescribingJson object at 0x104933fe0>, <snowplow_tracker.self_describing_json.SelfDescribingJson object at 0x104933e90>]}


============================== 14:22:39.509110 | 5fb4f53d-67b4-483c-a446-490206748336 ==============================
[0m14:22:39.509110 [info ] [MainThread]: Running with dbt=1.7.9
[0m14:22:39.509378 [debug] [MainThread]: running dbt with arguments {'printer_width': '80', 'indirect_selection': 'eager', 'log_cache_events': 'False', 'write_json': 'True', 'partial_parse': 'True', 'cache_selected_only': 'False', 'profiles_dir': '/Users/claetiane/Documents/VSCode/dbt_questpl', 'debug': 'False', 'fail_fast': 'False', 'log_path': '/Users/claetiane/Documents/VSCode/dbt_questpl/logs', 'version_check': 'True', 'warn_error': 'None', 'use_colors': 'True', 'use_experimental_parser': 'False', 'no_print': 'None', 'quiet': 'False', 'log_format': 'default', 'introspect': 'True', 'static_parser': 'True', 'warn_error_options': 'WarnErrorOptions(include=[], exclude=[])', 'target_path': 'None', 'invocation_command': 'dbt init', 'send_anonymous_usage_stats': 'True'}
[0m14:22:39.510357 [info ] [MainThread]: Setting up your profile.
[0m14:22:53.066820 [debug] [MainThread]: Sending event: {'category': 'dbt', 'action': 'invocation', 'label': 'end', 'context': [<snowplow_tracker.self_describing_json.SelfDescribingJson object at 0x1044e9eb0>, <snowplow_tracker.self_describing_json.SelfDescribingJson object at 0x1046690a0>, <snowplow_tracker.self_describing_json.SelfDescribingJson object at 0x104933fe0>]}
[0m14:22:53.067176 [debug] [MainThread]: Flushing usage events
[0m14:23:00.707403 [debug] [MainThread]: Sending event: {'category': 'dbt', 'action': 'invocation', 'label': 'start', 'context': [<snowplow_tracker.self_describing_json.SelfDescribingJson object at 0x1052f2960>, <snowplow_tracker.self_describing_json.SelfDescribingJson object at 0x105333fe0>, <snowplow_tracker.self_describing_json.SelfDescribingJson object at 0x105333e30>]}


============================== 14:23:00.709066 | d84cdde1-b3fd-46ab-bb4d-aa753545ada6 ==============================
[0m14:23:00.709066 [info ] [MainThread]: Running with dbt=1.7.9
[0m14:23:00.709330 [debug] [MainThread]: running dbt with arguments {'printer_width': '80', 'indirect_selection': 'eager', 'log_cache_events': 'False', 'write_json': 'True', 'partial_parse': 'True', 'cache_selected_only': 'False', 'warn_error': 'None', 'fail_fast': 'False', 'debug': 'False', 'log_path': '/Users/claetiane/Documents/VSCode/dbt_questpl/logs', 'profiles_dir': '/Users/claetiane/Documents/VSCode/dbt_questpl', 'version_check': 'True', 'use_colors': 'True', 'use_experimental_parser': 'False', 'no_print': 'None', 'quiet': 'False', 'log_format': 'default', 'introspect': 'True', 'static_parser': 'True', 'invocation_command': 'dbt init', 'target_path': 'None', 'warn_error_options': 'WarnErrorOptions(include=[], exclude=[])', 'send_anonymous_usage_stats': 'True'}
[0m14:23:00.710331 [info ] [MainThread]: Setting up your profile.
[0m14:23:03.062700 [debug] [MainThread]: Sending event: {'category': 'dbt', 'action': 'invocation', 'label': 'end', 'context': [<snowplow_tracker.self_describing_json.SelfDescribingJson object at 0x1052f2960>, <snowplow_tracker.self_describing_json.SelfDescribingJson object at 0x104d1a1e0>, <snowplow_tracker.self_describing_json.SelfDescribingJson object at 0x104e3d040>]}
[0m14:23:03.063673 [debug] [MainThread]: Flushing usage events
[0m14:24:08.919759 [debug] [MainThread]: Sending event: {'category': 'dbt', 'action': 'invocation', 'label': 'start', 'context': [<snowplow_tracker.self_describing_json.SelfDescribingJson object at 0x1073f3dd0>, <snowplow_tracker.self_describing_json.SelfDescribingJson object at 0x1182367b0>, <snowplow_tracker.self_describing_json.SelfDescribingJson object at 0x118236450>]}


============================== 14:24:08.921449 | cc64fc17-2dc6-4766-abe0-841381a8d852 ==============================
[0m14:24:08.921449 [info ] [MainThread]: Running with dbt=1.7.9
[0m14:24:08.921715 [debug] [MainThread]: running dbt with arguments {'printer_width': '80', 'indirect_selection': 'eager', 'log_cache_events': 'False', 'write_json': 'True', 'partial_parse': 'True', 'cache_selected_only': 'False', 'profiles_dir': '/Users/claetiane/.dbt', 'version_check': 'True', 'warn_error': 'None', 'log_path': '/Users/claetiane/Documents/VSCode/dbt_questpl/logs', 'fail_fast': 'False', 'debug': 'False', 'use_colors': 'True', 'use_experimental_parser': 'False', 'no_print': 'None', 'quiet': 'False', 'warn_error_options': 'WarnErrorOptions(include=[], exclude=[])', 'introspect': 'True', 'log_format': 'default', 'invocation_command': 'dbt init', 'target_path': 'None', 'static_parser': 'True', 'send_anonymous_usage_stats': 'True'}
[0m14:24:08.922692 [info ] [MainThread]: Setting up your profile.
[0m14:24:08.923272 [error] [MainThread]: Encountered an error:
while scanning a simple key
  in "/Users/claetiane/.dbt/profiles.yml", line 16, column 7
could not find expected ':'
  in "/Users/claetiane/.dbt/profiles.yml", line 17, column 7
[0m14:24:08.925790 [error] [MainThread]: Traceback (most recent call last):
  File "/opt/anaconda3/lib/python3.12/site-packages/dbt/cli/requires.py", line 91, in wrapper
    result, success = func(*args, **kwargs)
                      ^^^^^^^^^^^^^^^^^^^^^
  File "/opt/anaconda3/lib/python3.12/site-packages/dbt/cli/requires.py", line 76, in wrapper
    return func(*args, **kwargs)
           ^^^^^^^^^^^^^^^^^^^^^
  File "/opt/anaconda3/lib/python3.12/site-packages/dbt/cli/main.py", line 515, in init
    results = task.run()
              ^^^^^^^^^^
  File "/opt/anaconda3/lib/python3.12/site-packages/dbt/task/init.py", line 318, in run
    self.setup_profile(profile_name)
  File "/opt/anaconda3/lib/python3.12/site-packages/dbt/task/init.py", line 250, in setup_profile
    if not self.check_if_can_write_profile(profile_name=profile_name):
           ^^^^^^^^^^^^^^^^^^^^^^^^^^^^^^^^^^^^^^^^^^^^^^^^^^^^^^^^^^
  File "/opt/anaconda3/lib/python3.12/site-packages/dbt/task/init.py", line 211, in check_if_can_write_profile
    profiles = yaml.safe_load(f) or {}
               ^^^^^^^^^^^^^^^^^
  File "/opt/anaconda3/lib/python3.12/site-packages/yaml/__init__.py", line 125, in safe_load
    return load(stream, SafeLoader)
           ^^^^^^^^^^^^^^^^^^^^^^^^
  File "/opt/anaconda3/lib/python3.12/site-packages/yaml/__init__.py", line 81, in load
    return loader.get_single_data()
           ^^^^^^^^^^^^^^^^^^^^^^^^
  File "/opt/anaconda3/lib/python3.12/site-packages/yaml/constructor.py", line 49, in get_single_data
    node = self.get_single_node()
           ^^^^^^^^^^^^^^^^^^^^^^
  File "/opt/anaconda3/lib/python3.12/site-packages/yaml/composer.py", line 36, in get_single_node
    document = self.compose_document()
               ^^^^^^^^^^^^^^^^^^^^^^^
  File "/opt/anaconda3/lib/python3.12/site-packages/yaml/composer.py", line 55, in compose_document
    node = self.compose_node(None, None)
           ^^^^^^^^^^^^^^^^^^^^^^^^^^^^^
  File "/opt/anaconda3/lib/python3.12/site-packages/yaml/composer.py", line 84, in compose_node
    node = self.compose_mapping_node(anchor)
           ^^^^^^^^^^^^^^^^^^^^^^^^^^^^^^^^^
  File "/opt/anaconda3/lib/python3.12/site-packages/yaml/composer.py", line 133, in compose_mapping_node
    item_value = self.compose_node(node, item_key)
                 ^^^^^^^^^^^^^^^^^^^^^^^^^^^^^^^^^
  File "/opt/anaconda3/lib/python3.12/site-packages/yaml/composer.py", line 84, in compose_node
    node = self.compose_mapping_node(anchor)
           ^^^^^^^^^^^^^^^^^^^^^^^^^^^^^^^^^
  File "/opt/anaconda3/lib/python3.12/site-packages/yaml/composer.py", line 133, in compose_mapping_node
    item_value = self.compose_node(node, item_key)
                 ^^^^^^^^^^^^^^^^^^^^^^^^^^^^^^^^^
  File "/opt/anaconda3/lib/python3.12/site-packages/yaml/composer.py", line 84, in compose_node
    node = self.compose_mapping_node(anchor)
           ^^^^^^^^^^^^^^^^^^^^^^^^^^^^^^^^^
  File "/opt/anaconda3/lib/python3.12/site-packages/yaml/composer.py", line 133, in compose_mapping_node
    item_value = self.compose_node(node, item_key)
                 ^^^^^^^^^^^^^^^^^^^^^^^^^^^^^^^^^
  File "/opt/anaconda3/lib/python3.12/site-packages/yaml/composer.py", line 84, in compose_node
    node = self.compose_mapping_node(anchor)
           ^^^^^^^^^^^^^^^^^^^^^^^^^^^^^^^^^
  File "/opt/anaconda3/lib/python3.12/site-packages/yaml/composer.py", line 127, in compose_mapping_node
    while not self.check_event(MappingEndEvent):
              ^^^^^^^^^^^^^^^^^^^^^^^^^^^^^^^^^
  File "/opt/anaconda3/lib/python3.12/site-packages/yaml/parser.py", line 98, in check_event
    self.current_event = self.state()
                         ^^^^^^^^^^^^
  File "/opt/anaconda3/lib/python3.12/site-packages/yaml/parser.py", line 428, in parse_block_mapping_key
    if self.check_token(KeyToken):
       ^^^^^^^^^^^^^^^^^^^^^^^^^^
  File "/opt/anaconda3/lib/python3.12/site-packages/yaml/scanner.py", line 116, in check_token
    self.fetch_more_tokens()
  File "/opt/anaconda3/lib/python3.12/site-packages/yaml/scanner.py", line 162, in fetch_more_tokens
    self.stale_possible_simple_keys()
  File "/opt/anaconda3/lib/python3.12/site-packages/yaml/scanner.py", line 291, in stale_possible_simple_keys
    raise ScannerError("while scanning a simple key", key.mark,
yaml.scanner.ScannerError: while scanning a simple key
  in "/Users/claetiane/.dbt/profiles.yml", line 16, column 7
could not find expected ':'
  in "/Users/claetiane/.dbt/profiles.yml", line 17, column 7

[0m14:24:08.926590 [debug] [MainThread]: Sending event: {'category': 'dbt', 'action': 'invocation', 'label': 'end', 'context': [<snowplow_tracker.self_describing_json.SelfDescribingJson object at 0x107961370>, <snowplow_tracker.self_describing_json.SelfDescribingJson object at 0x107f47260>, <snowplow_tracker.self_describing_json.SelfDescribingJson object at 0x1182796d0>]}
[0m14:24:08.926767 [debug] [MainThread]: Flushing usage events
[0m14:28:51.667949 [debug] [MainThread]: Sending event: {'category': 'dbt', 'action': 'invocation', 'label': 'start', 'context': [<snowplow_tracker.self_describing_json.SelfDescribingJson object at 0x1047d8b00>, <snowplow_tracker.self_describing_json.SelfDescribingJson object at 0x104813e90>, <snowplow_tracker.self_describing_json.SelfDescribingJson object at 0x1048484d0>]}


============================== 14:28:51.670294 | dcd65278-6395-49b7-935f-774ad34cf346 ==============================
[0m14:28:51.670294 [info ] [MainThread]: Running with dbt=1.7.9
[0m14:28:51.670574 [debug] [MainThread]: running dbt with arguments {'printer_width': '80', 'indirect_selection': 'eager', 'log_cache_events': 'False', 'write_json': 'True', 'partial_parse': 'True', 'cache_selected_only': 'False', 'profiles_dir': '/Users/claetiane/.dbt', 'debug': 'False', 'version_check': 'True', 'log_path': '/Users/claetiane/Documents/VSCode/dbt_questpl/logs', 'warn_error': 'None', 'fail_fast': 'False', 'use_colors': 'True', 'use_experimental_parser': 'False', 'no_print': 'None', 'quiet': 'False', 'warn_error_options': 'WarnErrorOptions(include=[], exclude=[])', 'static_parser': 'True', 'introspect': 'True', 'invocation_command': 'dbt run', 'target_path': 'None', 'log_format': 'default', 'send_anonymous_usage_stats': 'True'}
[0m14:28:51.863066 [debug] [MainThread]: Sending event: {'category': 'dbt', 'action': 'project_id', 'label': 'dcd65278-6395-49b7-935f-774ad34cf346', 'context': [<snowplow_tracker.self_describing_json.SelfDescribingJson object at 0x104810200>]}
[0m14:28:51.890022 [debug] [MainThread]: Sending event: {'category': 'dbt', 'action': 'adapter_info', 'label': 'dcd65278-6395-49b7-935f-774ad34cf346', 'context': [<snowplow_tracker.self_describing_json.SelfDescribingJson object at 0x104812b10>]}
[0m14:28:51.890496 [info ] [MainThread]: Registered adapter: mysql=1.7.0
[0m14:28:51.897856 [debug] [MainThread]: checksum: 6ff0d83c3b46f350064523b4e08d9241403ad71d606ba49c4e670afba3668b39, vars: {}, profile: , target: , version: 1.7.9
[0m14:28:51.898305 [info ] [MainThread]: Unable to do partial parsing because saved manifest not found. Starting full parse.
[0m14:28:51.898489 [debug] [MainThread]: Sending event: {'category': 'dbt', 'action': 'partial_parser', 'label': 'dcd65278-6395-49b7-935f-774ad34cf346', 'context': [<snowplow_tracker.self_describing_json.SelfDescribingJson object at 0x104c9f170>]}
[0m14:28:52.243332 [debug] [MainThread]: Sending event: {'category': 'dbt', 'action': 'load_project', 'label': 'dcd65278-6395-49b7-935f-774ad34cf346', 'context': [<snowplow_tracker.self_describing_json.SelfDescribingJson object at 0x104efd250>]}
[0m14:28:52.269088 [debug] [MainThread]: Sending event: {'category': 'dbt', 'action': 'resource_counts', 'label': 'dcd65278-6395-49b7-935f-774ad34cf346', 'context': [<snowplow_tracker.self_describing_json.SelfDescribingJson object at 0x104f52900>]}
[0m14:28:52.269314 [info ] [MainThread]: Found 3 models, 4 tests, 1 source, 0 exposures, 0 metrics, 375 macros, 0 groups, 0 semantic models
[0m14:28:52.269476 [debug] [MainThread]: Sending event: {'category': 'dbt', 'action': 'runnable_timing', 'label': 'dcd65278-6395-49b7-935f-774ad34cf346', 'context': [<snowplow_tracker.self_describing_json.SelfDescribingJson object at 0x104f52990>]}
[0m14:28:52.270181 [info ] [MainThread]: 
[0m14:28:52.270493 [debug] [MainThread]: Acquiring new mysql connection 'master'
[0m14:28:52.270957 [debug] [ThreadPool]: Acquiring new mysql connection 'list_schemas'
[0m14:28:52.274483 [debug] [ThreadPool]: Using mysql connection "list_schemas"
[0m14:28:52.274640 [debug] [ThreadPool]: On list_schemas: /* {"app": "dbt", "dbt_version": "1.7.9", "profile_name": "dbt_quest", "target_name": "dev", "connection_name": "list_schemas"} */
select distinct schema_name
        from information_schema.schemata
[0m14:28:52.274756 [debug] [ThreadPool]: Opening a new connection, currently in state init
[0m14:28:52.307982 [debug] [ThreadPool]: mysql adapter: Failed connection without supplying the `database`. Trying again with `database` included.
[0m14:28:52.317731 [debug] [ThreadPool]: mysql adapter: Got an error when attempting to open a mysql connection: '1045 (28000): Access denied for user 'root'@'localhost' (using password: YES)'
[0m14:28:52.317931 [debug] [ThreadPool]: mysql adapter: Error running SQL: /* {"app": "dbt", "dbt_version": "1.7.9", "profile_name": "dbt_quest", "target_name": "dev", "connection_name": "list_schemas"} */
select distinct schema_name
        from information_schema.schemata
[0m14:28:52.318057 [debug] [ThreadPool]: mysql adapter: Rolling back transaction.
[0m14:28:52.318200 [debug] [ThreadPool]: mysql adapter: Error running SQL: macro list_schemas
[0m14:28:52.318311 [debug] [ThreadPool]: mysql adapter: Rolling back transaction.
[0m14:28:52.318432 [debug] [ThreadPool]: On list_schemas: No close available on handle
[0m14:28:52.318880 [debug] [MainThread]: Connection 'master' was properly closed.
[0m14:28:52.319009 [debug] [MainThread]: Connection 'list_schemas' was properly closed.
[0m14:28:52.319135 [info ] [MainThread]: 
[0m14:28:52.319279 [info ] [MainThread]: Finished running  in 0 hours 0 minutes and 0.05 seconds (0.05s).
[0m14:28:52.319476 [error] [MainThread]: Encountered an error:
Database Error
  1045 (28000): Access denied for user 'root'@'localhost' (using password: YES)
[0m14:28:52.320868 [debug] [MainThread]: Sending event: {'category': 'dbt', 'action': 'invocation', 'label': 'end', 'context': [<snowplow_tracker.self_describing_json.SelfDescribingJson object at 0x104f52b70>, <snowplow_tracker.self_describing_json.SelfDescribingJson object at 0x104f255b0>, <snowplow_tracker.self_describing_json.SelfDescribingJson object at 0x104f27530>]}
[0m14:28:52.321039 [debug] [MainThread]: Flushing usage events
[0m14:29:45.295764 [debug] [MainThread]: Sending event: {'category': 'dbt', 'action': 'invocation', 'label': 'start', 'context': [<snowplow_tracker.self_describing_json.SelfDescribingJson object at 0x106610b90>, <snowplow_tracker.self_describing_json.SelfDescribingJson object at 0x1066807d0>, <snowplow_tracker.self_describing_json.SelfDescribingJson object at 0x106680500>]}


============================== 14:29:45.297439 | 1bc30805-36c8-48d5-be45-544b2f880791 ==============================
[0m14:29:45.297439 [info ] [MainThread]: Running with dbt=1.7.9
[0m14:29:45.297700 [debug] [MainThread]: running dbt with arguments {'printer_width': '80', 'indirect_selection': 'eager', 'write_json': 'True', 'log_cache_events': 'False', 'partial_parse': 'True', 'cache_selected_only': 'False', 'warn_error': 'None', 'version_check': 'True', 'fail_fast': 'False', 'log_path': '/Users/claetiane/Documents/VSCode/dbt_questpl/logs', 'debug': 'False', 'profiles_dir': '/Users/claetiane/.dbt', 'use_colors': 'True', 'use_experimental_parser': 'False', 'no_print': 'None', 'quiet': 'False', 'warn_error_options': 'WarnErrorOptions(include=[], exclude=[])', 'invocation_command': 'dbt run', 'introspect': 'True', 'static_parser': 'True', 'target_path': 'None', 'log_format': 'default', 'send_anonymous_usage_stats': 'True'}
[0m14:29:45.369680 [debug] [MainThread]: Sending event: {'category': 'dbt', 'action': 'project_id', 'label': '1bc30805-36c8-48d5-be45-544b2f880791', 'context': [<snowplow_tracker.self_describing_json.SelfDescribingJson object at 0x106682030>]}
[0m14:29:45.396603 [debug] [MainThread]: Sending event: {'category': 'dbt', 'action': 'adapter_info', 'label': '1bc30805-36c8-48d5-be45-544b2f880791', 'context': [<snowplow_tracker.self_describing_json.SelfDescribingJson object at 0x1067e1f10>]}
[0m14:29:45.396907 [info ] [MainThread]: Registered adapter: mysql=1.7.0
[0m14:29:45.402553 [debug] [MainThread]: checksum: 6ff0d83c3b46f350064523b4e08d9241403ad71d606ba49c4e670afba3668b39, vars: {}, profile: , target: , version: 1.7.9
[0m14:29:45.423419 [debug] [MainThread]: Partial parsing enabled: 0 files deleted, 0 files added, 0 files changed.
[0m14:29:45.423618 [debug] [MainThread]: Partial parsing enabled, no changes found, skipping parsing
[0m14:29:45.425982 [debug] [MainThread]: Sending event: {'category': 'dbt', 'action': 'load_project', 'label': '1bc30805-36c8-48d5-be45-544b2f880791', 'context': [<snowplow_tracker.self_describing_json.SelfDescribingJson object at 0x106a301d0>]}
[0m14:29:45.431108 [debug] [MainThread]: Sending event: {'category': 'dbt', 'action': 'resource_counts', 'label': '1bc30805-36c8-48d5-be45-544b2f880791', 'context': [<snowplow_tracker.self_describing_json.SelfDescribingJson object at 0x106b86060>]}
[0m14:29:45.431301 [info ] [MainThread]: Found 3 models, 4 tests, 1 source, 0 exposures, 0 metrics, 375 macros, 0 groups, 0 semantic models
[0m14:29:45.431460 [debug] [MainThread]: Sending event: {'category': 'dbt', 'action': 'runnable_timing', 'label': '1bc30805-36c8-48d5-be45-544b2f880791', 'context': [<snowplow_tracker.self_describing_json.SelfDescribingJson object at 0x1066802f0>]}
[0m14:29:45.432200 [info ] [MainThread]: 
[0m14:29:45.432510 [debug] [MainThread]: Acquiring new mysql connection 'master'
[0m14:29:45.433002 [debug] [ThreadPool]: Acquiring new mysql connection 'list_schemas'
[0m14:29:45.436742 [debug] [ThreadPool]: Using mysql connection "list_schemas"
[0m14:29:45.436890 [debug] [ThreadPool]: On list_schemas: /* {"app": "dbt", "dbt_version": "1.7.9", "profile_name": "dbt_quest", "target_name": "dev", "connection_name": "list_schemas"} */
select distinct schema_name
        from information_schema.schemata
[0m14:29:45.437006 [debug] [ThreadPool]: Opening a new connection, currently in state init
[0m14:29:45.453103 [debug] [ThreadPool]: mysql adapter: Failed connection without supplying the `database`. Trying again with `database` included.
[0m14:29:45.465998 [debug] [ThreadPool]: mysql adapter: Got an error when attempting to open a mysql connection: '1045 (28000): Access denied for user 'root'@'localhost' (using password: YES)'
[0m14:29:45.466219 [debug] [ThreadPool]: mysql adapter: Error running SQL: /* {"app": "dbt", "dbt_version": "1.7.9", "profile_name": "dbt_quest", "target_name": "dev", "connection_name": "list_schemas"} */
select distinct schema_name
        from information_schema.schemata
[0m14:29:45.466350 [debug] [ThreadPool]: mysql adapter: Rolling back transaction.
[0m14:29:45.466506 [debug] [ThreadPool]: mysql adapter: Error running SQL: macro list_schemas
[0m14:29:45.466621 [debug] [ThreadPool]: mysql adapter: Rolling back transaction.
[0m14:29:45.466746 [debug] [ThreadPool]: On list_schemas: No close available on handle
[0m14:29:45.467202 [debug] [MainThread]: Connection 'master' was properly closed.
[0m14:29:45.467334 [debug] [MainThread]: Connection 'list_schemas' was properly closed.
[0m14:29:45.467468 [info ] [MainThread]: 
[0m14:29:45.467623 [info ] [MainThread]: Finished running  in 0 hours 0 minutes and 0.04 seconds (0.04s).
[0m14:29:45.467851 [error] [MainThread]: Encountered an error:
Database Error
  1045 (28000): Access denied for user 'root'@'localhost' (using password: YES)
[0m14:29:45.468542 [debug] [MainThread]: Sending event: {'category': 'dbt', 'action': 'invocation', 'label': 'end', 'context': [<snowplow_tracker.self_describing_json.SelfDescribingJson object at 0x106326b10>, <snowplow_tracker.self_describing_json.SelfDescribingJson object at 0x106682120>, <snowplow_tracker.self_describing_json.SelfDescribingJson object at 0x106c70950>]}
[0m14:29:45.468714 [debug] [MainThread]: Flushing usage events
[0m14:31:42.711737 [debug] [MainThread]: Sending event: {'category': 'dbt', 'action': 'invocation', 'label': 'start', 'context': [<snowplow_tracker.self_describing_json.SelfDescribingJson object at 0x1051c8080>, <snowplow_tracker.self_describing_json.SelfDescribingJson object at 0x105230620>, <snowplow_tracker.self_describing_json.SelfDescribingJson object at 0x105230320>]}


============================== 14:31:42.713421 | d2f39003-8b46-417c-9af0-5614828a142f ==============================
[0m14:31:42.713421 [info ] [MainThread]: Running with dbt=1.7.9
[0m14:31:42.713687 [debug] [MainThread]: running dbt with arguments {'printer_width': '80', 'indirect_selection': 'eager', 'log_cache_events': 'False', 'write_json': 'True', 'partial_parse': 'True', 'cache_selected_only': 'False', 'profiles_dir': '/Users/claetiane/.dbt', 'debug': 'False', 'fail_fast': 'False', 'log_path': '/Users/claetiane/Documents/VSCode/dbt_questpl/logs', 'version_check': 'True', 'warn_error': 'None', 'use_colors': 'True', 'use_experimental_parser': 'False', 'no_print': 'None', 'quiet': 'False', 'log_format': 'default', 'static_parser': 'True', 'warn_error_options': 'WarnErrorOptions(include=[], exclude=[])', 'introspect': 'True', 'target_path': 'None', 'invocation_command': 'dbt run', 'send_anonymous_usage_stats': 'True'}
[0m14:31:42.786397 [debug] [MainThread]: Sending event: {'category': 'dbt', 'action': 'project_id', 'label': 'd2f39003-8b46-417c-9af0-5614828a142f', 'context': [<snowplow_tracker.self_describing_json.SelfDescribingJson object at 0x1055aff20>]}
[0m14:31:42.814302 [debug] [MainThread]: Sending event: {'category': 'dbt', 'action': 'adapter_info', 'label': 'd2f39003-8b46-417c-9af0-5614828a142f', 'context': [<snowplow_tracker.self_describing_json.SelfDescribingJson object at 0x104e7b3e0>]}
[0m14:31:42.814631 [info ] [MainThread]: Registered adapter: mysql=1.7.0
[0m14:31:42.820582 [debug] [MainThread]: checksum: 6ff0d83c3b46f350064523b4e08d9241403ad71d606ba49c4e670afba3668b39, vars: {}, profile: , target: , version: 1.7.9
[0m14:31:42.834658 [info ] [MainThread]: Unable to do partial parsing because profile has changed
[0m14:31:42.834987 [debug] [MainThread]: Sending event: {'category': 'dbt', 'action': 'partial_parser', 'label': 'd2f39003-8b46-417c-9af0-5614828a142f', 'context': [<snowplow_tracker.self_describing_json.SelfDescribingJson object at 0x1057be330>]}
[0m14:31:43.197138 [debug] [MainThread]: Sending event: {'category': 'dbt', 'action': 'load_project', 'label': 'd2f39003-8b46-417c-9af0-5614828a142f', 'context': [<snowplow_tracker.self_describing_json.SelfDescribingJson object at 0x105952780>]}
[0m14:31:43.201662 [debug] [MainThread]: Sending event: {'category': 'dbt', 'action': 'resource_counts', 'label': 'd2f39003-8b46-417c-9af0-5614828a142f', 'context': [<snowplow_tracker.self_describing_json.SelfDescribingJson object at 0x1058deb10>]}
[0m14:31:43.201853 [info ] [MainThread]: Found 3 models, 4 tests, 1 source, 0 exposures, 0 metrics, 375 macros, 0 groups, 0 semantic models
[0m14:31:43.202009 [debug] [MainThread]: Sending event: {'category': 'dbt', 'action': 'runnable_timing', 'label': 'd2f39003-8b46-417c-9af0-5614828a142f', 'context': [<snowplow_tracker.self_describing_json.SelfDescribingJson object at 0x105951bb0>]}
[0m14:31:43.202721 [info ] [MainThread]: 
[0m14:31:43.203027 [debug] [MainThread]: Acquiring new mysql connection 'master'
[0m14:31:43.203480 [debug] [ThreadPool]: Acquiring new mysql connection 'list_schemas'
[0m14:31:43.206957 [debug] [ThreadPool]: Using mysql connection "list_schemas"
[0m14:31:43.207100 [debug] [ThreadPool]: On list_schemas: /* {"app": "dbt", "dbt_version": "1.7.9", "profile_name": "dbt_quest", "target_name": "dev", "connection_name": "list_schemas"} */
select distinct schema_name
        from information_schema.schemata
[0m14:31:43.207217 [debug] [ThreadPool]: Opening a new connection, currently in state init
[0m14:31:43.739904 [debug] [ThreadPool]: mysql adapter: Failed connection without supplying the `database`. Trying again with `database` included.
[0m14:31:43.748783 [debug] [ThreadPool]: mysql adapter: Got an error when attempting to open a mysql connection: '1045 (28000): Access denied for user 'laetitia'@'localhost' (using password: YES)'
[0m14:31:43.749475 [debug] [ThreadPool]: mysql adapter: Error running SQL: /* {"app": "dbt", "dbt_version": "1.7.9", "profile_name": "dbt_quest", "target_name": "dev", "connection_name": "list_schemas"} */
select distinct schema_name
        from information_schema.schemata
[0m14:31:43.749876 [debug] [ThreadPool]: mysql adapter: Rolling back transaction.
[0m14:31:43.750371 [debug] [ThreadPool]: mysql adapter: Error running SQL: macro list_schemas
[0m14:31:43.750734 [debug] [ThreadPool]: mysql adapter: Rolling back transaction.
[0m14:31:43.751137 [debug] [ThreadPool]: On list_schemas: No close available on handle
[0m14:31:43.752656 [debug] [MainThread]: Connection 'master' was properly closed.
[0m14:31:43.753053 [debug] [MainThread]: Connection 'list_schemas' was properly closed.
[0m14:31:43.753435 [info ] [MainThread]: 
[0m14:31:43.753831 [info ] [MainThread]: Finished running  in 0 hours 0 minutes and 0.55 seconds (0.55s).
[0m14:31:43.754364 [error] [MainThread]: Encountered an error:
Database Error
  1045 (28000): Access denied for user 'laetitia'@'localhost' (using password: YES)
[0m14:31:43.756473 [debug] [MainThread]: Sending event: {'category': 'dbt', 'action': 'invocation', 'label': 'end', 'context': [<snowplow_tracker.self_describing_json.SelfDescribingJson object at 0x1058f4ad0>, <snowplow_tracker.self_describing_json.SelfDescribingJson object at 0x1058d8890>, <snowplow_tracker.self_describing_json.SelfDescribingJson object at 0x105a9fe60>]}
[0m14:31:43.756972 [debug] [MainThread]: Flushing usage events
[0m15:00:00.759318 [debug] [MainThread]: Sending event: {'category': 'dbt', 'action': 'invocation', 'label': 'start', 'context': [<snowplow_tracker.self_describing_json.SelfDescribingJson object at 0x106d14680>, <snowplow_tracker.self_describing_json.SelfDescribingJson object at 0x106d53fb0>, <snowplow_tracker.self_describing_json.SelfDescribingJson object at 0x106d53ce0>]}


============================== 15:00:00.761776 | 9171c7a7-f652-4359-87c8-2b7639a548c0 ==============================
[0m15:00:00.761776 [info ] [MainThread]: Running with dbt=1.7.9
[0m15:00:00.762024 [debug] [MainThread]: running dbt with arguments {'printer_width': '80', 'indirect_selection': 'eager', 'log_cache_events': 'False', 'write_json': 'True', 'partial_parse': 'True', 'cache_selected_only': 'False', 'warn_error': 'None', 'debug': 'False', 'profiles_dir': '/Users/claetiane/.dbt', 'log_path': '/Users/claetiane/Documents/VSCode/dbt_questpl/logs', 'version_check': 'True', 'fail_fast': 'False', 'use_colors': 'True', 'use_experimental_parser': 'False', 'no_print': 'None', 'quiet': 'False', 'log_format': 'default', 'invocation_command': 'dbt init', 'introspect': 'True', 'warn_error_options': 'WarnErrorOptions(include=[], exclude=[])', 'target_path': 'None', 'static_parser': 'True', 'send_anonymous_usage_stats': 'True'}
[0m15:00:00.763069 [info ] [MainThread]: Setting up your profile.
[0m17:15:30.089157 [debug] [MainThread]: Sending event: {'category': 'dbt', 'action': 'invocation', 'label': 'start', 'context': [<snowplow_tracker.self_describing_json.SelfDescribingJson object at 0x11125cc80>, <snowplow_tracker.self_describing_json.SelfDescribingJson object at 0x1110ac140>, <snowplow_tracker.self_describing_json.SelfDescribingJson object at 0x11129bfb0>]}


============================== 17:15:30.091741 | e9440897-0159-4a6f-8833-63fed267c1fb ==============================
[0m17:15:30.091741 [info ] [MainThread]: Running with dbt=1.7.9
[0m17:15:30.092015 [debug] [MainThread]: running dbt with arguments {'printer_width': '80', 'indirect_selection': 'eager', 'log_cache_events': 'False', 'write_json': 'True', 'partial_parse': 'True', 'cache_selected_only': 'False', 'warn_error': 'None', 'fail_fast': 'False', 'version_check': 'True', 'log_path': '/Users/claetiane/Documents/VSCode/dbt_questpl/logs', 'debug': 'False', 'profiles_dir': '/Users/claetiane/.dbt', 'use_colors': 'True', 'use_experimental_parser': 'False', 'no_print': 'None', 'quiet': 'False', 'warn_error_options': 'WarnErrorOptions(include=[], exclude=[])', 'static_parser': 'True', 'introspect': 'True', 'invocation_command': 'dbt init', 'target_path': 'None', 'log_format': 'default', 'send_anonymous_usage_stats': 'True'}
[0m17:15:30.093063 [info ] [MainThread]: Setting up your profile.
[0m17:17:58.703474 [debug] [MainThread]: Sending event: {'category': 'dbt', 'action': 'invocation', 'label': 'start', 'context': [<snowplow_tracker.self_describing_json.SelfDescribingJson object at 0x10a41c1a0>, <snowplow_tracker.self_describing_json.SelfDescribingJson object at 0x10a48c7a0>, <snowplow_tracker.self_describing_json.SelfDescribingJson object at 0x10a48c4d0>]}


============================== 17:17:58.705775 | 78281a34-a093-4af5-891d-bf425a096893 ==============================
[0m17:17:58.705775 [info ] [MainThread]: Running with dbt=1.7.9
[0m17:17:58.706030 [debug] [MainThread]: running dbt with arguments {'printer_width': '80', 'indirect_selection': 'eager', 'write_json': 'True', 'log_cache_events': 'False', 'partial_parse': 'True', 'cache_selected_only': 'False', 'warn_error': 'None', 'debug': 'False', 'version_check': 'True', 'log_path': '/Users/claetiane/Documents/VSCode/dbt_questpl/logs', 'profiles_dir': '/Users/claetiane/.dbt', 'fail_fast': 'False', 'use_colors': 'True', 'use_experimental_parser': 'False', 'no_print': 'None', 'quiet': 'False', 'warn_error_options': 'WarnErrorOptions(include=[], exclude=[])', 'invocation_command': 'dbt run', 'log_format': 'default', 'static_parser': 'True', 'target_path': 'None', 'introspect': 'True', 'send_anonymous_usage_stats': 'True'}
[0m17:17:58.915850 [debug] [MainThread]: Sending event: {'category': 'dbt', 'action': 'project_id', 'label': '78281a34-a093-4af5-891d-bf425a096893', 'context': [<snowplow_tracker.self_describing_json.SelfDescribingJson object at 0x108d4e900>]}
[0m17:17:58.943762 [debug] [MainThread]: Sending event: {'category': 'dbt', 'action': 'adapter_info', 'label': '78281a34-a093-4af5-891d-bf425a096893', 'context': [<snowplow_tracker.self_describing_json.SelfDescribingJson object at 0x10a2ceb10>]}
[0m17:17:58.944315 [info ] [MainThread]: Registered adapter: mysql=1.7.0
[0m17:17:58.955949 [debug] [MainThread]: checksum: 6ff0d83c3b46f350064523b4e08d9241403ad71d606ba49c4e670afba3668b39, vars: {}, profile: , target: , version: 1.7.9
[0m17:17:58.983729 [debug] [MainThread]: Partial parsing enabled: 0 files deleted, 0 files added, 0 files changed.
[0m17:17:58.983926 [debug] [MainThread]: Partial parsing enabled, no changes found, skipping parsing
[0m17:17:58.986305 [debug] [MainThread]: Sending event: {'category': 'dbt', 'action': 'load_project', 'label': '78281a34-a093-4af5-891d-bf425a096893', 'context': [<snowplow_tracker.self_describing_json.SelfDescribingJson object at 0x10a922510>]}
[0m17:17:58.993460 [debug] [MainThread]: Sending event: {'category': 'dbt', 'action': 'resource_counts', 'label': '78281a34-a093-4af5-891d-bf425a096893', 'context': [<snowplow_tracker.self_describing_json.SelfDescribingJson object at 0x10a9a1a00>]}
[0m17:17:58.993681 [info ] [MainThread]: Found 3 models, 4 tests, 1 source, 0 exposures, 0 metrics, 375 macros, 0 groups, 0 semantic models
[0m17:17:58.993851 [debug] [MainThread]: Sending event: {'category': 'dbt', 'action': 'runnable_timing', 'label': '78281a34-a093-4af5-891d-bf425a096893', 'context': [<snowplow_tracker.self_describing_json.SelfDescribingJson object at 0x10a9a1970>]}
[0m17:17:58.994636 [info ] [MainThread]: 
[0m17:17:58.994943 [debug] [MainThread]: Acquiring new mysql connection 'master'
[0m17:17:58.995441 [debug] [ThreadPool]: Acquiring new mysql connection 'list_schemas'
[0m17:17:58.999451 [debug] [ThreadPool]: Using mysql connection "list_schemas"
[0m17:17:58.999609 [debug] [ThreadPool]: On list_schemas: /* {"app": "dbt", "dbt_version": "1.7.9", "profile_name": "dbt_quest", "target_name": "dev", "connection_name": "list_schemas"} */
select distinct schema_name
        from information_schema.schemata
[0m17:17:58.999729 [debug] [ThreadPool]: Opening a new connection, currently in state init
[0m17:17:59.032047 [debug] [ThreadPool]: mysql adapter: Failed connection without supplying the `database`. Trying again with `database` included.
[0m17:17:59.035354 [debug] [ThreadPool]: mysql adapter: Got an error when attempting to open a mysql connection: '1045 (28000): Access denied for user 'laetitia'@'localhost' (using password: YES)'
[0m17:17:59.035522 [debug] [ThreadPool]: mysql adapter: Error running SQL: /* {"app": "dbt", "dbt_version": "1.7.9", "profile_name": "dbt_quest", "target_name": "dev", "connection_name": "list_schemas"} */
select distinct schema_name
        from information_schema.schemata
[0m17:17:59.035634 [debug] [ThreadPool]: mysql adapter: Rolling back transaction.
[0m17:17:59.035771 [debug] [ThreadPool]: mysql adapter: Error running SQL: macro list_schemas
[0m17:17:59.035882 [debug] [ThreadPool]: mysql adapter: Rolling back transaction.
[0m17:17:59.036006 [debug] [ThreadPool]: On list_schemas: No close available on handle
[0m17:17:59.036444 [debug] [MainThread]: Connection 'master' was properly closed.
[0m17:17:59.036591 [debug] [MainThread]: Connection 'list_schemas' was properly closed.
[0m17:17:59.036722 [info ] [MainThread]: 
[0m17:17:59.036869 [info ] [MainThread]: Finished running  in 0 hours 0 minutes and 0.04 seconds (0.04s).
[0m17:17:59.037075 [error] [MainThread]: Encountered an error:
Database Error
  1045 (28000): Access denied for user 'laetitia'@'localhost' (using password: YES)
[0m17:17:59.050866 [debug] [MainThread]: Sending event: {'category': 'dbt', 'action': 'invocation', 'label': 'end', 'context': [<snowplow_tracker.self_describing_json.SelfDescribingJson object at 0x105394a40>, <snowplow_tracker.self_describing_json.SelfDescribingJson object at 0x10a48c3b0>, <snowplow_tracker.self_describing_json.SelfDescribingJson object at 0x10a48c080>]}
[0m17:17:59.051064 [debug] [MainThread]: Flushing usage events
[0m17:28:37.945114 [debug] [MainThread]: Sending event: {'category': 'dbt', 'action': 'invocation', 'label': 'start', 'context': [<snowplow_tracker.self_describing_json.SelfDescribingJson object at 0x1086806b0>, <snowplow_tracker.self_describing_json.SelfDescribingJson object at 0x1086ec590>, <snowplow_tracker.self_describing_json.SelfDescribingJson object at 0x1086ec2f0>]}


============================== 17:28:37.947405 | 22743800-cda5-45e0-bedf-de82069b4fea ==============================
[0m17:28:37.947405 [info ] [MainThread]: Running with dbt=1.7.9
[0m17:28:37.947663 [debug] [MainThread]: running dbt with arguments {'printer_width': '80', 'indirect_selection': 'eager', 'write_json': 'True', 'log_cache_events': 'False', 'partial_parse': 'True', 'cache_selected_only': 'False', 'warn_error': 'None', 'debug': 'False', 'profiles_dir': '/Users/claetiane/.dbt', 'log_path': '/Users/claetiane/Documents/VSCode/dbt_questpl/logs', 'fail_fast': 'False', 'version_check': 'True', 'use_colors': 'True', 'use_experimental_parser': 'False', 'no_print': 'None', 'quiet': 'False', 'log_format': 'default', 'static_parser': 'True', 'introspect': 'True', 'invocation_command': 'dbt run', 'target_path': 'None', 'warn_error_options': 'WarnErrorOptions(include=[], exclude=[])', 'send_anonymous_usage_stats': 'True'}
[0m17:28:37.948905 [error] [MainThread]: Encountered an error:
Runtime Error
  Could not find profile named 'DBT_QUESTPL'
[0m17:28:37.949477 [debug] [MainThread]: Sending event: {'category': 'dbt', 'action': 'invocation', 'label': 'end', 'context': [<snowplow_tracker.self_describing_json.SelfDescribingJson object at 0x108276c30>, <snowplow_tracker.self_describing_json.SelfDescribingJson object at 0x10858b140>, <snowplow_tracker.self_describing_json.SelfDescribingJson object at 0x1082fe0f0>]}
[0m17:28:37.949625 [debug] [MainThread]: Flushing usage events
[0m17:30:09.604278 [debug] [MainThread]: Sending event: {'category': 'dbt', 'action': 'invocation', 'label': 'start', 'context': [<snowplow_tracker.self_describing_json.SelfDescribingJson object at 0x12095c320>, <snowplow_tracker.self_describing_json.SelfDescribingJson object at 0x1209c87d0>, <snowplow_tracker.self_describing_json.SelfDescribingJson object at 0x1209c8500>]}


============================== 17:30:09.605987 | 4c2d49b4-8aed-47a0-9c9e-c260eedc3a11 ==============================
[0m17:30:09.605987 [info ] [MainThread]: Running with dbt=1.7.9
[0m17:30:09.606241 [debug] [MainThread]: running dbt with arguments {'printer_width': '80', 'indirect_selection': 'eager', 'log_cache_events': 'False', 'write_json': 'True', 'partial_parse': 'True', 'cache_selected_only': 'False', 'profiles_dir': '/Users/claetiane/.dbt', 'version_check': 'True', 'debug': 'False', 'log_path': '/Users/claetiane/Documents/VSCode/dbt_questpl/logs', 'fail_fast': 'False', 'warn_error': 'None', 'use_colors': 'True', 'use_experimental_parser': 'False', 'no_print': 'None', 'quiet': 'False', 'log_format': 'default', 'invocation_command': 'dbt run', 'static_parser': 'True', 'introspect': 'True', 'target_path': 'None', 'warn_error_options': 'WarnErrorOptions(include=[], exclude=[])', 'send_anonymous_usage_stats': 'True'}
[0m17:30:09.607496 [error] [MainThread]: Encountered an error:
Runtime Error
  Could not find profile named 'DBT_QUESTPL'
[0m17:30:09.608078 [debug] [MainThread]: Sending event: {'category': 'dbt', 'action': 'invocation', 'label': 'end', 'context': [<snowplow_tracker.self_describing_json.SelfDescribingJson object at 0x12099bf80>, <snowplow_tracker.self_describing_json.SelfDescribingJson object at 0x1209c8800>, <snowplow_tracker.self_describing_json.SelfDescribingJson object at 0x1209ca090>]}
[0m17:30:09.608228 [debug] [MainThread]: Flushing usage events
[0m20:57:22.288072 [debug] [MainThread]: Sending event: {'category': 'dbt', 'action': 'invocation', 'label': 'start', 'context': [<snowplow_tracker.self_describing_json.SelfDescribingJson object at 0x102dc9f40>, <snowplow_tracker.self_describing_json.SelfDescribingJson object at 0x1056c4a40>, <snowplow_tracker.self_describing_json.SelfDescribingJson object at 0x1056c47a0>]}


============================== 20:57:22.290327 | bdaeca12-8d5e-479b-9d89-6da294b4fb99 ==============================
[0m20:57:22.290327 [info ] [MainThread]: Running with dbt=1.7.9
[0m20:57:22.290602 [debug] [MainThread]: running dbt with arguments {'printer_width': '80', 'indirect_selection': 'eager', 'write_json': 'True', 'log_cache_events': 'False', 'partial_parse': 'True', 'cache_selected_only': 'False', 'warn_error': 'None', 'debug': 'False', 'fail_fast': 'False', 'log_path': '/Users/claetiane/Documents/VSCode/dbt_questpl/logs', 'profiles_dir': '/Users/claetiane/.dbt', 'version_check': 'True', 'use_colors': 'True', 'use_experimental_parser': 'False', 'no_print': 'None', 'quiet': 'False', 'warn_error_options': 'WarnErrorOptions(include=[], exclude=[])', 'introspect': 'True', 'static_parser': 'True', 'log_format': 'default', 'target_path': 'None', 'invocation_command': 'dbt run', 'send_anonymous_usage_stats': 'True'}
[0m20:57:22.291843 [error] [MainThread]: Encountered an error:
Runtime Error
  Could not find profile named 'DBT_QUESTPL'
[0m20:57:22.292988 [debug] [MainThread]: Sending event: {'category': 'dbt', 'action': 'invocation', 'label': 'end', 'context': [<snowplow_tracker.self_describing_json.SelfDescribingJson object at 0x1051503b0>, <snowplow_tracker.self_describing_json.SelfDescribingJson object at 0x10544e4b0>, <snowplow_tracker.self_describing_json.SelfDescribingJson object at 0x1056c6240>]}
[0m20:57:22.293143 [debug] [MainThread]: Flushing usage events
[0m21:02:03.706203 [debug] [MainThread]: Sending event: {'category': 'dbt', 'action': 'invocation', 'label': 'start', 'context': [<snowplow_tracker.self_describing_json.SelfDescribingJson object at 0x109f240e0>, <snowplow_tracker.self_describing_json.SelfDescribingJson object at 0x109f8c7a0>, <snowplow_tracker.self_describing_json.SelfDescribingJson object at 0x109f8c4a0>]}


============================== 21:02:03.707859 | 50ac5671-56f1-4e49-9688-eab150d386c1 ==============================
[0m21:02:03.707859 [info ] [MainThread]: Running with dbt=1.7.9
[0m21:02:03.708120 [debug] [MainThread]: running dbt with arguments {'printer_width': '80', 'indirect_selection': 'eager', 'write_json': 'True', 'log_cache_events': 'False', 'partial_parse': 'True', 'cache_selected_only': 'False', 'warn_error': 'None', 'debug': 'False', 'fail_fast': 'False', 'log_path': '/Users/claetiane/Documents/VSCode/dbt_questpl/logs', 'profiles_dir': '/Users/claetiane/.dbt', 'version_check': 'True', 'use_colors': 'True', 'use_experimental_parser': 'False', 'no_print': 'None', 'quiet': 'False', 'log_format': 'default', 'static_parser': 'True', 'warn_error_options': 'WarnErrorOptions(include=[], exclude=[])', 'invocation_command': 'dbt run', 'target_path': 'None', 'introspect': 'True', 'send_anonymous_usage_stats': 'True'}
[0m21:02:03.709328 [error] [MainThread]: Encountered an error:
Runtime Error
  Could not find profile named 'DBT_QUESTPL'
[0m21:02:03.709883 [debug] [MainThread]: Sending event: {'category': 'dbt', 'action': 'invocation', 'label': 'end', 'context': [<snowplow_tracker.self_describing_json.SelfDescribingJson object at 0x109f8c7d0>, <snowplow_tracker.self_describing_json.SelfDescribingJson object at 0x109f8c680>, <snowplow_tracker.self_describing_json.SelfDescribingJson object at 0x109f8e150>]}
[0m21:02:03.710034 [debug] [MainThread]: Flushing usage events
[0m21:08:26.616458 [debug] [MainThread]: Sending event: {'category': 'dbt', 'action': 'invocation', 'label': 'start', 'context': [<snowplow_tracker.self_describing_json.SelfDescribingJson object at 0x1086ec890>, <snowplow_tracker.self_describing_json.SelfDescribingJson object at 0x108758650>, <snowplow_tracker.self_describing_json.SelfDescribingJson object at 0x1087583b0>]}


============================== 21:08:26.618169 | 7f127fae-42e3-4aa7-b776-1f182e38639e ==============================
[0m21:08:26.618169 [info ] [MainThread]: Running with dbt=1.7.9
[0m21:08:26.618440 [debug] [MainThread]: running dbt with arguments {'printer_width': '80', 'indirect_selection': 'eager', 'log_cache_events': 'False', 'write_json': 'True', 'partial_parse': 'True', 'cache_selected_only': 'False', 'profiles_dir': '/Users/claetiane/.dbt', 'version_check': 'True', 'fail_fast': 'False', 'log_path': '/Users/claetiane/Documents/VSCode/dbt_questpl/logs', 'debug': 'False', 'warn_error': 'None', 'use_colors': 'True', 'use_experimental_parser': 'False', 'no_print': 'None', 'quiet': 'False', 'warn_error_options': 'WarnErrorOptions(include=[], exclude=[])', 'invocation_command': 'dbt run', 'log_format': 'default', 'static_parser': 'True', 'target_path': 'None', 'introspect': 'True', 'send_anonymous_usage_stats': 'True'}
[0m21:08:26.619654 [error] [MainThread]: Encountered an error:
Runtime Error
  Could not find profile named 'DBT_QUESTPL'
[0m21:08:26.620198 [debug] [MainThread]: Sending event: {'category': 'dbt', 'action': 'invocation', 'label': 'end', 'context': [<snowplow_tracker.self_describing_json.SelfDescribingJson object at 0x1086ed8e0>, <snowplow_tracker.self_describing_json.SelfDescribingJson object at 0x1083a67e0>, <snowplow_tracker.self_describing_json.SelfDescribingJson object at 0x108758680>]}
[0m21:08:26.620346 [debug] [MainThread]: Flushing usage events
[0m21:11:09.022089 [debug] [MainThread]: Sending event: {'category': 'dbt', 'action': 'invocation', 'label': 'start', 'context': [<snowplow_tracker.self_describing_json.SelfDescribingJson object at 0x107340b60>, <snowplow_tracker.self_describing_json.SelfDescribingJson object at 0x1073b06b0>, <snowplow_tracker.self_describing_json.SelfDescribingJson object at 0x1073b03e0>]}


============================== 21:11:09.023760 | b4deda88-5261-43de-8a16-ef39ddc78583 ==============================
[0m21:11:09.023760 [info ] [MainThread]: Running with dbt=1.7.9
[0m21:11:09.024023 [debug] [MainThread]: running dbt with arguments {'printer_width': '80', 'indirect_selection': 'eager', 'write_json': 'True', 'log_cache_events': 'False', 'partial_parse': 'True', 'cache_selected_only': 'False', 'profiles_dir': '/Users/claetiane/.dbt', 'debug': 'False', 'fail_fast': 'False', 'log_path': '/Users/claetiane/Documents/VSCode/dbt_questpl/logs', 'warn_error': 'None', 'version_check': 'True', 'use_colors': 'True', 'use_experimental_parser': 'False', 'no_print': 'None', 'quiet': 'False', 'warn_error_options': 'WarnErrorOptions(include=[], exclude=[])', 'invocation_command': 'dbt run', 'introspect': 'True', 'log_format': 'default', 'target_path': 'None', 'static_parser': 'True', 'send_anonymous_usage_stats': 'True'}
[0m21:11:09.025235 [error] [MainThread]: Encountered an error:
Runtime Error
  Could not find profile named 'DBT_QUESTPL'
[0m21:11:09.025787 [debug] [MainThread]: Sending event: {'category': 'dbt', 'action': 'invocation', 'label': 'end', 'context': [<snowplow_tracker.self_describing_json.SelfDescribingJson object at 0x107057b60>, <snowplow_tracker.self_describing_json.SelfDescribingJson object at 0x106f94f80>, <snowplow_tracker.self_describing_json.SelfDescribingJson object at 0x1073b1f10>]}
[0m21:11:09.025938 [debug] [MainThread]: Flushing usage events
[0m21:11:47.372526 [debug] [MainThread]: Sending event: {'category': 'dbt', 'action': 'invocation', 'label': 'start', 'context': [<snowplow_tracker.self_describing_json.SelfDescribingJson object at 0x106e26030>, <snowplow_tracker.self_describing_json.SelfDescribingJson object at 0x1072187a0>, <snowplow_tracker.self_describing_json.SelfDescribingJson object at 0x1072184d0>]}


============================== 21:11:47.374223 | 98e34498-6246-46dc-adf9-94541317fca6 ==============================
[0m21:11:47.374223 [info ] [MainThread]: Running with dbt=1.7.9
[0m21:11:47.374486 [debug] [MainThread]: running dbt with arguments {'printer_width': '80', 'indirect_selection': 'eager', 'log_cache_events': 'False', 'write_json': 'True', 'partial_parse': 'True', 'cache_selected_only': 'False', 'profiles_dir': '/Users/claetiane/.dbt', 'fail_fast': 'False', 'warn_error': 'None', 'log_path': '/Users/claetiane/Documents/VSCode/dbt_questpl/logs', 'version_check': 'True', 'debug': 'False', 'use_colors': 'True', 'use_experimental_parser': 'False', 'no_print': 'None', 'quiet': 'False', 'log_format': 'default', 'introspect': 'True', 'warn_error_options': 'WarnErrorOptions(include=[], exclude=[])', 'static_parser': 'True', 'target_path': 'None', 'invocation_command': 'dbt run', 'send_anonymous_usage_stats': 'True'}
[0m21:11:47.375718 [error] [MainThread]: Encountered an error:
Runtime Error
  Could not find profile named 'DBT_QUESTPL'
[0m21:11:47.376266 [debug] [MainThread]: Sending event: {'category': 'dbt', 'action': 'invocation', 'label': 'end', 'context': [<snowplow_tracker.self_describing_json.SelfDescribingJson object at 0x106e26030>, <snowplow_tracker.self_describing_json.SelfDescribingJson object at 0x1071ab9b0>, <snowplow_tracker.self_describing_json.SelfDescribingJson object at 0x107219f40>]}
[0m21:11:47.376415 [debug] [MainThread]: Flushing usage events
[0m21:32:27.706929 [debug] [MainThread]: Sending event: {'category': 'dbt', 'action': 'invocation', 'label': 'start', 'context': [<snowplow_tracker.self_describing_json.SelfDescribingJson object at 0x1076a9090>, <snowplow_tracker.self_describing_json.SelfDescribingJson object at 0x1084f70a0>, <snowplow_tracker.self_describing_json.SelfDescribingJson object at 0x1084f69b0>]}


============================== 21:32:27.709239 | bb348fbf-a74e-48e9-be7f-a3e26b828cc9 ==============================
[0m21:32:27.709239 [info ] [MainThread]: Running with dbt=1.9.1
[0m21:32:27.709542 [debug] [MainThread]: running dbt with arguments {'printer_width': '80', 'indirect_selection': 'eager', 'write_json': 'True', 'log_cache_events': 'False', 'partial_parse': 'True', 'cache_selected_only': 'False', 'profiles_dir': '/Users/claetiane/.dbt', 'debug': 'False', 'fail_fast': 'False', 'log_path': '/Users/claetiane/Documents/VSCode/dbt_questpl/logs', 'warn_error': 'None', 'version_check': 'True', 'use_colors': 'True', 'use_experimental_parser': 'False', 'empty': 'False', 'quiet': 'False', 'no_print': 'None', 'log_format': 'default', 'introspect': 'True', 'warn_error_options': 'WarnErrorOptions(include=[], exclude=[])', 'static_parser': 'True', 'target_path': 'None', 'invocation_command': 'dbt run', 'send_anonymous_usage_stats': 'True'}
[0m21:32:27.711138 [error] [MainThread]: Encountered an error:
Runtime Error
  Could not find profile named 'DBT_QUESTPL'
[0m21:32:27.840243 [debug] [MainThread]: Resource report: {"command_name": "run", "command_success": false, "command_wall_clock_time": 0.17340633, "process_in_blocks": "0", "process_kernel_time": 0.080322, "process_mem_max_rss": "94437376", "process_out_blocks": "0", "process_user_time": 0.719009}
[0m21:32:27.840714 [debug] [MainThread]: Command `dbt run` failed at 21:32:27.840581 after 0.17 seconds
[0m21:32:27.841202 [debug] [MainThread]: Sending event: {'category': 'dbt', 'action': 'invocation', 'label': 'end', 'context': [<snowplow_tracker.self_describing_json.SelfDescribingJson object at 0x1076a9090>, <snowplow_tracker.self_describing_json.SelfDescribingJson object at 0x1084f7040>, <snowplow_tracker.self_describing_json.SelfDescribingJson object at 0x1084f7190>]}
[0m21:32:27.841683 [debug] [MainThread]: Flushing usage events
[0m21:32:28.297415 [debug] [MainThread]: An error was encountered while trying to flush usage events
[0m15:16:36.982183 [debug] [MainThread]: Sending event: {'category': 'dbt', 'action': 'invocation', 'label': 'start', 'context': [<snowplow_tracker.self_describing_json.SelfDescribingJson object at 0x106e1fe00>, <snowplow_tracker.self_describing_json.SelfDescribingJson object at 0x10887f750>, <snowplow_tracker.self_describing_json.SelfDescribingJson object at 0x10887f9d0>]}


============================== 15:16:36.983896 | 40b958bd-52c7-4992-8571-0914c95ac094 ==============================
[0m15:16:36.983896 [info ] [MainThread]: Running with dbt=1.7.9
[0m15:16:36.984147 [debug] [MainThread]: running dbt with arguments {'printer_width': '80', 'indirect_selection': 'eager', 'log_cache_events': 'False', 'write_json': 'True', 'partial_parse': 'True', 'cache_selected_only': 'False', 'profiles_dir': '/Users/claetiane/.dbt', 'debug': 'False', 'warn_error': 'None', 'log_path': '/Users/claetiane/Documents/VSCode/dbt_questpl/logs', 'fail_fast': 'False', 'version_check': 'True', 'use_colors': 'True', 'use_experimental_parser': 'False', 'no_print': 'None', 'quiet': 'False', 'log_format': 'default', 'static_parser': 'True', 'warn_error_options': 'WarnErrorOptions(include=[], exclude=[])', 'introspect': 'True', 'target_path': 'None', 'invocation_command': 'dbt init', 'send_anonymous_usage_stats': 'True'}
[0m15:16:36.985360 [info ] [MainThread]: Setting up your profile.
[0m15:16:39.286673 [debug] [MainThread]: Sending event: {'category': 'dbt', 'action': 'invocation', 'label': 'end', 'context': [<snowplow_tracker.self_describing_json.SelfDescribingJson object at 0x108a750f0>, <snowplow_tracker.self_describing_json.SelfDescribingJson object at 0x108a617f0>, <snowplow_tracker.self_describing_json.SelfDescribingJson object at 0x1089ff9b0>]}
[0m15:16:39.286955 [debug] [MainThread]: Flushing usage events
[0m15:17:03.033442 [debug] [MainThread]: Sending event: {'category': 'dbt', 'action': 'invocation', 'label': 'start', 'context': [<snowplow_tracker.self_describing_json.SelfDescribingJson object at 0x1051c3e00>, <snowplow_tracker.self_describing_json.SelfDescribingJson object at 0x106c23750>, <snowplow_tracker.self_describing_json.SelfDescribingJson object at 0x106c239d0>]}


============================== 15:17:03.035316 | b275c67d-f56b-438c-960e-75da87aea4c8 ==============================
[0m15:17:03.035316 [info ] [MainThread]: Running with dbt=1.7.9
[0m15:17:03.035564 [debug] [MainThread]: running dbt with arguments {'printer_width': '80', 'indirect_selection': 'eager', 'write_json': 'True', 'log_cache_events': 'False', 'partial_parse': 'True', 'cache_selected_only': 'False', 'profiles_dir': '/Users/claetiane/.dbt', 'fail_fast': 'False', 'version_check': 'True', 'log_path': '/Users/claetiane/Documents/VSCode/dbt_questpl/logs', 'warn_error': 'None', 'debug': 'False', 'use_colors': 'True', 'use_experimental_parser': 'False', 'no_print': 'None', 'quiet': 'False', 'warn_error_options': 'WarnErrorOptions(include=[], exclude=[])', 'invocation_command': 'dbt init', 'static_parser': 'True', 'introspect': 'True', 'target_path': 'None', 'log_format': 'default', 'send_anonymous_usage_stats': 'True'}
[0m15:17:03.036519 [info ] [MainThread]: Setting up your profile.
[0m15:17:17.614212 [debug] [MainThread]: Sending event: {'category': 'dbt', 'action': 'invocation', 'label': 'end', 'context': [<snowplow_tracker.self_describing_json.SelfDescribingJson object at 0x106e150f0>, <snowplow_tracker.self_describing_json.SelfDescribingJson object at 0x106e097f0>, <snowplow_tracker.self_describing_json.SelfDescribingJson object at 0x106da39b0>]}
[0m15:17:17.614541 [debug] [MainThread]: Flushing usage events
[0m15:17:20.888772 [debug] [MainThread]: Sending event: {'category': 'dbt', 'action': 'invocation', 'label': 'start', 'context': [<snowplow_tracker.self_describing_json.SelfDescribingJson object at 0x103963e00>, <snowplow_tracker.self_describing_json.SelfDescribingJson object at 0x1062d7750>, <snowplow_tracker.self_describing_json.SelfDescribingJson object at 0x1062d79d0>]}


============================== 15:17:20.890700 | d8b81041-ef6a-4c06-b1f4-6c6e74569f5d ==============================
[0m15:17:20.890700 [info ] [MainThread]: Running with dbt=1.7.9
[0m15:17:20.890944 [debug] [MainThread]: running dbt with arguments {'printer_width': '80', 'indirect_selection': 'eager', 'write_json': 'True', 'log_cache_events': 'False', 'partial_parse': 'True', 'cache_selected_only': 'False', 'profiles_dir': '/Users/claetiane/.dbt', 'fail_fast': 'False', 'debug': 'False', 'log_path': '/Users/claetiane/Documents/VSCode/dbt_questpl/logs', 'version_check': 'True', 'warn_error': 'None', 'use_colors': 'True', 'use_experimental_parser': 'False', 'no_print': 'None', 'quiet': 'False', 'warn_error_options': 'WarnErrorOptions(include=[], exclude=[])', 'static_parser': 'True', 'invocation_command': 'dbt init', 'introspect': 'True', 'target_path': 'None', 'log_format': 'default', 'send_anonymous_usage_stats': 'True'}
[0m15:17:20.891932 [info ] [MainThread]: Setting up your profile.
[0m15:17:33.737675 [debug] [MainThread]: Sending event: {'category': 'dbt', 'action': 'invocation', 'label': 'end', 'context': [<snowplow_tracker.self_describing_json.SelfDescribingJson object at 0x1066c8fc0>, <snowplow_tracker.self_describing_json.SelfDescribingJson object at 0x1066bd7f0>, <snowplow_tracker.self_describing_json.SelfDescribingJson object at 0x1066539b0>]}
[0m15:17:33.738028 [debug] [MainThread]: Flushing usage events
[0m15:18:13.483647 [debug] [MainThread]: Sending event: {'category': 'dbt', 'action': 'invocation', 'label': 'start', 'context': [<snowplow_tracker.self_describing_json.SelfDescribingJson object at 0x1050c7e00>, <snowplow_tracker.self_describing_json.SelfDescribingJson object at 0x106b27750>, <snowplow_tracker.self_describing_json.SelfDescribingJson object at 0x106b279d0>]}


============================== 15:18:13.485299 | 64d983d0-0063-4c92-9c48-b20a2ad2e02c ==============================
[0m15:18:13.485299 [info ] [MainThread]: Running with dbt=1.7.9
[0m15:18:13.485551 [debug] [MainThread]: running dbt with arguments {'printer_width': '80', 'indirect_selection': 'eager', 'write_json': 'True', 'log_cache_events': 'False', 'partial_parse': 'True', 'cache_selected_only': 'False', 'profiles_dir': '/Users/claetiane/.dbt', 'fail_fast': 'False', 'warn_error': 'None', 'log_path': '/Users/claetiane/Documents/VSCode/dbt_questpl/logs', 'debug': 'False', 'version_check': 'True', 'use_colors': 'True', 'use_experimental_parser': 'False', 'no_print': 'None', 'quiet': 'False', 'log_format': 'default', 'invocation_command': 'dbt init', 'warn_error_options': 'WarnErrorOptions(include=[], exclude=[])', 'introspect': 'True', 'target_path': 'None', 'static_parser': 'True', 'send_anonymous_usage_stats': 'True'}
[0m15:18:13.486529 [info ] [MainThread]: Setting up your profile.
[0m15:18:17.464296 [debug] [MainThread]: Sending event: {'category': 'dbt', 'action': 'invocation', 'label': 'end', 'context': [<snowplow_tracker.self_describing_json.SelfDescribingJson object at 0x106d1d0f0>, <snowplow_tracker.self_describing_json.SelfDescribingJson object at 0x106d097f0>, <snowplow_tracker.self_describing_json.SelfDescribingJson object at 0x106ca79b0>]}
[0m15:18:17.464595 [debug] [MainThread]: Flushing usage events
[0m15:23:25.489427 [debug] [MainThread]: Sending event: {'category': 'dbt', 'action': 'invocation', 'label': 'start', 'context': [<snowplow_tracker.self_describing_json.SelfDescribingJson object at 0x10570be00>, <snowplow_tracker.self_describing_json.SelfDescribingJson object at 0x10716b750>, <snowplow_tracker.self_describing_json.SelfDescribingJson object at 0x10716b9d0>]}


============================== 15:23:25.491183 | 01df9321-7346-4376-8bca-4e43a1498c52 ==============================
[0m15:23:25.491183 [info ] [MainThread]: Running with dbt=1.7.9
[0m15:23:25.491423 [debug] [MainThread]: running dbt with arguments {'printer_width': '80', 'indirect_selection': 'eager', 'write_json': 'True', 'log_cache_events': 'False', 'partial_parse': 'True', 'cache_selected_only': 'False', 'profiles_dir': '/Users/claetiane/.dbt', 'debug': 'False', 'warn_error': 'None', 'log_path': '/Users/claetiane/Documents/VSCode/dbt_questpl/logs', 'version_check': 'True', 'fail_fast': 'False', 'use_colors': 'True', 'use_experimental_parser': 'False', 'no_print': 'None', 'quiet': 'False', 'log_format': 'default', 'introspect': 'True', 'invocation_command': 'dbt init', 'static_parser': 'True', 'target_path': 'None', 'warn_error_options': 'WarnErrorOptions(include=[], exclude=[])', 'send_anonymous_usage_stats': 'True'}
[0m15:23:25.492447 [info ] [MainThread]: Setting up your profile.
[0m15:23:53.848882 [debug] [MainThread]: Sending event: {'category': 'dbt', 'action': 'invocation', 'label': 'end', 'context': [<snowplow_tracker.self_describing_json.SelfDescribingJson object at 0x10735d0f0>, <snowplow_tracker.self_describing_json.SelfDescribingJson object at 0x10734d7f0>, <snowplow_tracker.self_describing_json.SelfDescribingJson object at 0x1072eb9b0>]}
[0m15:23:53.849263 [debug] [MainThread]: Flushing usage events
[0m15:31:33.452260 [debug] [MainThread]: Sending event: {'category': 'dbt', 'action': 'invocation', 'label': 'start', 'context': [<snowplow_tracker.self_describing_json.SelfDescribingJson object at 0x103917e00>, <snowplow_tracker.self_describing_json.SelfDescribingJson object at 0x105377750>, <snowplow_tracker.self_describing_json.SelfDescribingJson object at 0x1053779d0>]}


============================== 15:31:33.454577 | 9bab5058-3d65-45dc-b270-09322c4ae6d9 ==============================
[0m15:31:33.454577 [info ] [MainThread]: Running with dbt=1.7.9
[0m15:31:33.454832 [debug] [MainThread]: running dbt with arguments {'printer_width': '80', 'indirect_selection': 'eager', 'log_cache_events': 'False', 'write_json': 'True', 'partial_parse': 'True', 'cache_selected_only': 'False', 'warn_error': 'None', 'version_check': 'True', 'debug': 'False', 'log_path': '/Users/claetiane/Documents/VSCode/dbt_questpl/logs', 'fail_fast': 'False', 'profiles_dir': '/Users/claetiane/.dbt', 'use_colors': 'True', 'use_experimental_parser': 'False', 'no_print': 'None', 'quiet': 'False', 'log_format': 'default', 'introspect': 'True', 'static_parser': 'True', 'invocation_command': 'dbt init', 'target_path': 'None', 'warn_error_options': 'WarnErrorOptions(include=[], exclude=[])', 'send_anonymous_usage_stats': 'True'}
[0m15:31:33.456093 [info ] [MainThread]: Setting up your profile.
[0m15:31:37.937171 [debug] [MainThread]: Sending event: {'category': 'dbt', 'action': 'invocation', 'label': 'end', 'context': [<snowplow_tracker.self_describing_json.SelfDescribingJson object at 0x1056c90f0>, <snowplow_tracker.self_describing_json.SelfDescribingJson object at 0x1056bd7f0>, <snowplow_tracker.self_describing_json.SelfDescribingJson object at 0x1056579b0>]}
[0m15:31:37.937547 [debug] [MainThread]: Flushing usage events
[0m15:52:00.582535 [debug] [MainThread]: Sending event: {'category': 'dbt', 'action': 'invocation', 'label': 'start', 'context': [<snowplow_tracker.self_describing_json.SelfDescribingJson object at 0x106b90680>, <snowplow_tracker.self_describing_json.SelfDescribingJson object at 0x106bcfd10>, <snowplow_tracker.self_describing_json.SelfDescribingJson object at 0x106bcfa40>]}


============================== 15:52:00.587382 | 605817cf-9c66-4b49-919b-feb071ab2439 ==============================
[0m15:52:00.587382 [info ] [MainThread]: Running with dbt=1.7.19
[0m15:52:00.587635 [debug] [MainThread]: running dbt with arguments {'printer_width': '80', 'indirect_selection': 'eager', 'write_json': 'True', 'log_cache_events': 'False', 'partial_parse': 'True', 'cache_selected_only': 'False', 'warn_error': 'None', 'fail_fast': 'False', 'debug': 'False', 'log_path': '/Users/claetiane/Documents/VSCode/dbt_questpl/logs', 'version_check': 'True', 'profiles_dir': '/Users/claetiane/.dbt', 'use_colors': 'True', 'use_experimental_parser': 'False', 'no_print': 'None', 'quiet': 'False', 'log_format': 'default', 'static_parser': 'True', 'warn_error_options': 'WarnErrorOptions(include=[], exclude=[])', 'invocation_command': 'dbt init', 'target_path': 'None', 'introspect': 'True', 'send_anonymous_usage_stats': 'True'}
[0m15:52:00.587846 [warn ] [MainThread]: [ConfigFolderDirectory]: Unable to parse dict {'dir': PosixPath('/Users/claetiane/.dbt')}
[0m15:52:00.587971 [info ] [MainThread]: Creating dbt configuration folder at 
[0m15:52:00.588925 [info ] [MainThread]: Setting up your profile.
[0m15:52:10.268797 [info ] [MainThread]: Profile DBT_QUESTPL written to /Users/claetiane/.dbt/profiles.yml using target's sample configuration. Once updated, you'll be able to start developing with dbt.
[0m15:52:10.417513 [debug] [MainThread]: Sending event: {'category': 'dbt', 'action': 'invocation', 'label': 'end', 'context': [<snowplow_tracker.self_describing_json.SelfDescribingJson object at 0x10682fe60>, <snowplow_tracker.self_describing_json.SelfDescribingJson object at 0x10682dc70>, <snowplow_tracker.self_describing_json.SelfDescribingJson object at 0x106bcffe0>]}
[0m15:52:10.418663 [debug] [MainThread]: Flushing usage events
[0m15:56:16.608253 [debug] [MainThread]: Sending event: {'category': 'dbt', 'action': 'invocation', 'label': 'start', 'context': [<snowplow_tracker.self_describing_json.SelfDescribingJson object at 0x10900c320>, <snowplow_tracker.self_describing_json.SelfDescribingJson object at 0x10903fbf0>, <snowplow_tracker.self_describing_json.SelfDescribingJson object at 0x10903f920>]}


============================== 15:56:16.610387 | 3a1f14db-d930-4ff7-8076-602fe7606106 ==============================
[0m15:56:16.610387 [info ] [MainThread]: Running with dbt=1.7.19
[0m15:56:16.610641 [debug] [MainThread]: running dbt with arguments {'printer_width': '80', 'indirect_selection': 'eager', 'log_cache_events': 'False', 'write_json': 'True', 'partial_parse': 'True', 'cache_selected_only': 'False', 'warn_error': 'None', 'fail_fast': 'False', 'version_check': 'True', 'log_path': '/Users/claetiane/Documents/VSCode/dbt_questpl/logs', 'profiles_dir': '/Users/claetiane/.dbt', 'debug': 'False', 'use_colors': 'True', 'use_experimental_parser': 'False', 'no_print': 'None', 'quiet': 'False', 'warn_error_options': 'WarnErrorOptions(include=[], exclude=[])', 'introspect': 'True', 'static_parser': 'True', 'log_format': 'default', 'target_path': 'None', 'invocation_command': 'dbt init', 'send_anonymous_usage_stats': 'True'}
[0m15:56:16.611601 [info ] [MainThread]: Setting up your profile.
[0m15:56:23.678708 [debug] [MainThread]: Sending event: {'category': 'dbt', 'action': 'invocation', 'label': 'end', 'context': [<snowplow_tracker.self_describing_json.SelfDescribingJson object at 0x108f15610>, <snowplow_tracker.self_describing_json.SelfDescribingJson object at 0x10948f980>, <snowplow_tracker.self_describing_json.SelfDescribingJson object at 0x108e97e60>]}
[0m15:56:23.679015 [debug] [MainThread]: Flushing usage events
[0m16:05:12.027123 [debug] [MainThread]: Sending event: {'category': 'dbt', 'action': 'invocation', 'label': 'start', 'context': [<snowplow_tracker.self_describing_json.SelfDescribingJson object at 0x1087909e0>, <snowplow_tracker.self_describing_json.SelfDescribingJson object at 0x1087cbfe0>, <snowplow_tracker.self_describing_json.SelfDescribingJson object at 0x1087cbdd0>]}


============================== 16:05:12.029790 | 3c555302-bbde-4dbd-aeab-35fbbcc57886 ==============================
[0m16:05:12.029790 [info ] [MainThread]: Running with dbt=1.7.19
[0m16:05:12.030040 [debug] [MainThread]: running dbt with arguments {'printer_width': '80', 'indirect_selection': 'eager', 'log_cache_events': 'False', 'write_json': 'True', 'partial_parse': 'True', 'cache_selected_only': 'False', 'warn_error': 'None', 'fail_fast': 'False', 'debug': 'False', 'log_path': '/Users/claetiane/Documents/VSCode/dbt_questpl/logs', 'profiles_dir': '/Users/claetiane/.dbt', 'version_check': 'True', 'use_colors': 'True', 'use_experimental_parser': 'False', 'no_print': 'None', 'quiet': 'False', 'log_format': 'default', 'static_parser': 'True', 'invocation_command': 'dbt run', 'introspect': 'True', 'target_path': 'None', 'warn_error_options': 'WarnErrorOptions(include=[], exclude=[])', 'send_anonymous_usage_stats': 'True'}
[0m16:05:12.064024 [error] [MainThread]: Encountered an error:
Runtime Error
  Credentials in profile "DBT_QUESTPL", target "dev" invalid: ['schema'] is not valid under any of the given schemas
[0m16:05:12.065234 [debug] [MainThread]: Sending event: {'category': 'dbt', 'action': 'invocation', 'label': 'end', 'context': [<snowplow_tracker.self_describing_json.SelfDescribingJson object at 0x1087cbf50>, <snowplow_tracker.self_describing_json.SelfDescribingJson object at 0x108800320>, <snowplow_tracker.self_describing_json.SelfDescribingJson object at 0x10895e210>]}
[0m16:05:12.065399 [debug] [MainThread]: Flushing usage events
[0m21:43:06.386163 [debug] [MainThread]: Sending event: {'category': 'dbt', 'action': 'invocation', 'label': 'start', 'context': [<snowplow_tracker.self_describing_json.SelfDescribingJson object at 0x1085e4fe0>, <snowplow_tracker.self_describing_json.SelfDescribingJson object at 0x10861bf80>, <snowplow_tracker.self_describing_json.SelfDescribingJson object at 0x10861bf20>]}


============================== 21:43:06.388606 | bbed393c-a60e-4436-a883-b21eec8e2f3f ==============================
[0m21:43:06.388606 [info ] [MainThread]: Running with dbt=1.7.19
[0m21:43:06.388893 [debug] [MainThread]: running dbt with arguments {'printer_width': '80', 'indirect_selection': 'eager', 'log_cache_events': 'False', 'write_json': 'True', 'partial_parse': 'True', 'cache_selected_only': 'False', 'profiles_dir': '/Users/claetiane/.dbt', 'version_check': 'True', 'fail_fast': 'False', 'log_path': '/Users/claetiane/Documents/VSCode/dbt_questpl/logs', 'debug': 'False', 'warn_error': 'None', 'use_colors': 'True', 'use_experimental_parser': 'False', 'no_print': 'None', 'quiet': 'False', 'log_format': 'default', 'static_parser': 'True', 'introspect': 'True', 'invocation_command': 'dbt run', 'target_path': 'None', 'warn_error_options': 'WarnErrorOptions(include=[], exclude=[])', 'send_anonymous_usage_stats': 'True'}
[0m21:43:06.390759 [error] [MainThread]: Encountered an error:
Runtime Error
  Could not find profile named 'DBT_QUESTPL'
[0m21:43:06.391943 [debug] [MainThread]: Sending event: {'category': 'dbt', 'action': 'invocation', 'label': 'end', 'context': [<snowplow_tracker.self_describing_json.SelfDescribingJson object at 0x1085cb830>, <snowplow_tracker.self_describing_json.SelfDescribingJson object at 0x1085cb7d0>, <snowplow_tracker.self_describing_json.SelfDescribingJson object at 0x10861ba40>]}
[0m21:43:06.392112 [debug] [MainThread]: Flushing usage events
[0m22:49:06.903841 [debug] [MainThread]: Sending event: {'category': 'dbt', 'action': 'invocation', 'label': 'start', 'context': [<snowplow_tracker.self_describing_json.SelfDescribingJson object at 0x107d90f50>, <snowplow_tracker.self_describing_json.SelfDescribingJson object at 0x107dc7a10>, <snowplow_tracker.self_describing_json.SelfDescribingJson object at 0x107c60860>]}


============================== 22:49:06.906212 | f2312eb0-7e4f-49fb-941f-006202ca5220 ==============================
[0m22:49:06.906212 [info ] [MainThread]: Running with dbt=1.7.19
[0m22:49:06.906497 [debug] [MainThread]: running dbt with arguments {'printer_width': '80', 'indirect_selection': 'eager', 'log_cache_events': 'False', 'write_json': 'True', 'partial_parse': 'True', 'cache_selected_only': 'False', 'warn_error': 'None', 'fail_fast': 'False', 'profiles_dir': '/Users/claetiane/.dbt', 'log_path': '/Users/claetiane/Documents/VSCode/dbt_questpl/logs', 'version_check': 'True', 'debug': 'False', 'use_colors': 'True', 'use_experimental_parser': 'False', 'no_print': 'None', 'quiet': 'False', 'log_format': 'default', 'static_parser': 'True', 'introspect': 'True', 'warn_error_options': 'WarnErrorOptions(include=[], exclude=[])', 'target_path': 'None', 'invocation_command': 'dbt run', 'send_anonymous_usage_stats': 'True'}
[0m22:49:06.908327 [error] [MainThread]: Encountered an error:
Runtime Error
  Could not find profile named 'DBT_QUESTPL'
[0m22:49:06.909488 [debug] [MainThread]: Sending event: {'category': 'dbt', 'action': 'invocation', 'label': 'end', 'context': [<snowplow_tracker.self_describing_json.SelfDescribingJson object at 0x107a2f5f0>, <snowplow_tracker.self_describing_json.SelfDescribingJson object at 0x1075ca2a0>, <snowplow_tracker.self_describing_json.SelfDescribingJson object at 0x107dc7c80>]}
[0m22:49:06.909660 [debug] [MainThread]: Flushing usage events
[0m22:54:09.925487 [debug] [MainThread]: Sending event: {'category': 'dbt', 'action': 'invocation', 'label': 'start', 'context': [<snowplow_tracker.self_describing_json.SelfDescribingJson object at 0x104e34e30>, <snowplow_tracker.self_describing_json.SelfDescribingJson object at 0x104e943b0>, <snowplow_tracker.self_describing_json.SelfDescribingJson object at 0x104e940e0>]}


============================== 22:54:09.927158 | afd9e1d8-1c5d-42a4-9de4-e59ef069d03e ==============================
[0m22:54:09.927158 [info ] [MainThread]: Running with dbt=1.7.19
[0m22:54:09.927418 [debug] [MainThread]: running dbt with arguments {'printer_width': '80', 'indirect_selection': 'eager', 'write_json': 'True', 'log_cache_events': 'False', 'partial_parse': 'True', 'cache_selected_only': 'False', 'warn_error': 'None', 'debug': 'False', 'fail_fast': 'False', 'log_path': '/Users/claetiane/Documents/VSCode/dbt_questpl/logs', 'version_check': 'True', 'profiles_dir': '/Users/claetiane/.dbt', 'use_colors': 'True', 'use_experimental_parser': 'False', 'no_print': 'None', 'quiet': 'False', 'warn_error_options': 'WarnErrorOptions(include=[], exclude=[])', 'invocation_command': 'dbt run', 'introspect': 'True', 'log_format': 'default', 'target_path': 'None', 'static_parser': 'True', 'send_anonymous_usage_stats': 'True'}
[0m22:54:09.929192 [error] [MainThread]: Encountered an error:
Runtime Error
  Could not find profile named 'DBT_QUESTPL'
[0m22:54:09.929760 [debug] [MainThread]: Sending event: {'category': 'dbt', 'action': 'invocation', 'label': 'end', 'context': [<snowplow_tracker.self_describing_json.SelfDescribingJson object at 0x104d3cec0>, <snowplow_tracker.self_describing_json.SelfDescribingJson object at 0x104e67ec0>, <snowplow_tracker.self_describing_json.SelfDescribingJson object at 0x104e65310>]}
[0m22:54:09.929913 [debug] [MainThread]: Flushing usage events
[0m22:55:32.182821 [debug] [MainThread]: Sending event: {'category': 'dbt', 'action': 'invocation', 'label': 'start', 'context': [<snowplow_tracker.self_describing_json.SelfDescribingJson object at 0x106dff800>, <snowplow_tracker.self_describing_json.SelfDescribingJson object at 0x106e57fe0>, <snowplow_tracker.self_describing_json.SelfDescribingJson object at 0x106e57d70>]}


============================== 22:55:32.184550 | 8346d9b5-d2fd-4b67-ab6a-eafc76360df5 ==============================
[0m22:55:32.184550 [info ] [MainThread]: Running with dbt=1.7.19
[0m22:55:32.184812 [debug] [MainThread]: running dbt with arguments {'printer_width': '80', 'indirect_selection': 'eager', 'log_cache_events': 'False', 'write_json': 'True', 'partial_parse': 'True', 'cache_selected_only': 'False', 'warn_error': 'None', 'debug': 'False', 'profiles_dir': '/Users/claetiane/Documents/VSCode/dbt_questpl', 'log_path': '/Users/claetiane/Documents/VSCode/dbt_questpl/logs', 'fail_fast': 'False', 'version_check': 'True', 'use_colors': 'True', 'use_experimental_parser': 'False', 'no_print': 'None', 'quiet': 'False', 'warn_error_options': 'WarnErrorOptions(include=[], exclude=[])', 'introspect': 'True', 'static_parser': 'True', 'invocation_command': 'dbt run', 'target_path': 'None', 'log_format': 'default', 'send_anonymous_usage_stats': 'True'}
[0m22:55:32.186625 [error] [MainThread]: Encountered an error:
Runtime Error
  Could not find profile named 'DBT_QUESTPL'
[0m22:55:32.187225 [debug] [MainThread]: Sending event: {'category': 'dbt', 'action': 'invocation', 'label': 'end', 'context': [<snowplow_tracker.self_describing_json.SelfDescribingJson object at 0x106d20da0>, <snowplow_tracker.self_describing_json.SelfDescribingJson object at 0x106dfffb0>, <snowplow_tracker.self_describing_json.SelfDescribingJson object at 0x106e57ec0>]}
[0m22:55:32.187376 [debug] [MainThread]: Flushing usage events
[0m23:13:55.512010 [debug] [MainThread]: Sending event: {'category': 'dbt', 'action': 'invocation', 'label': 'start', 'context': [<snowplow_tracker.self_describing_json.SelfDescribingJson object at 0x1043de2d0>, <snowplow_tracker.self_describing_json.SelfDescribingJson object at 0x104417fb0>, <snowplow_tracker.self_describing_json.SelfDescribingJson object at 0x104417f50>]}


============================== 23:13:55.513736 | 1cf45cf5-bb14-4298-a98a-a29095d58c17 ==============================
[0m23:13:55.513736 [info ] [MainThread]: Running with dbt=1.7.19
[0m23:13:55.513995 [debug] [MainThread]: running dbt with arguments {'printer_width': '80', 'indirect_selection': 'eager', 'log_cache_events': 'False', 'write_json': 'True', 'partial_parse': 'True', 'cache_selected_only': 'False', 'warn_error': 'None', 'fail_fast': 'False', 'profiles_dir': '/Users/claetiane/Documents/VSCode/dbt_questpl', 'log_path': '/Users/claetiane/Documents/VSCode/dbt_questpl/logs', 'version_check': 'True', 'debug': 'False', 'use_colors': 'True', 'use_experimental_parser': 'False', 'no_print': 'None', 'quiet': 'False', 'warn_error_options': 'WarnErrorOptions(include=[], exclude=[])', 'static_parser': 'True', 'log_format': 'default', 'invocation_command': 'dbt run', 'target_path': 'None', 'introspect': 'True', 'send_anonymous_usage_stats': 'True'}
[0m23:13:55.580209 [debug] [MainThread]: Sending event: {'category': 'dbt', 'action': 'project_id', 'label': '1cf45cf5-bb14-4298-a98a-a29095d58c17', 'context': [<snowplow_tracker.self_describing_json.SelfDescribingJson object at 0x1036ae1b0>]}
[0m23:13:55.598305 [debug] [MainThread]: Sending event: {'category': 'dbt', 'action': 'adapter_info', 'label': '1cf45cf5-bb14-4298-a98a-a29095d58c17', 'context': [<snowplow_tracker.self_describing_json.SelfDescribingJson object at 0x10443e000>]}
[0m23:13:55.598641 [info ] [MainThread]: Registered adapter: mysql=1.7.0
[0m23:13:55.623666 [debug] [MainThread]: checksum: a8d43cdff37d0f32d7fbe4c5c25bea4bb6c86e162f8ce8fdb1a38cdcf7495431, vars: {}, profile: , target: , version: 1.7.19
[0m23:13:55.628233 [info ] [MainThread]: Unable to do partial parsing because of a version mismatch
[0m23:13:55.628448 [debug] [MainThread]: Sending event: {'category': 'dbt', 'action': 'partial_parser', 'label': '1cf45cf5-bb14-4298-a98a-a29095d58c17', 'context': [<snowplow_tracker.self_describing_json.SelfDescribingJson object at 0x104949640>]}
[0m23:13:55.978476 [debug] [MainThread]: Sending event: {'category': 'dbt', 'action': 'load_project', 'label': '1cf45cf5-bb14-4298-a98a-a29095d58c17', 'context': [<snowplow_tracker.self_describing_json.SelfDescribingJson object at 0x104ad73e0>]}
[0m23:13:55.983063 [debug] [MainThread]: Sending event: {'category': 'dbt', 'action': 'resource_counts', 'label': '1cf45cf5-bb14-4298-a98a-a29095d58c17', 'context': [<snowplow_tracker.self_describing_json.SelfDescribingJson object at 0x104aad220>]}
[0m23:13:55.983264 [info ] [MainThread]: Found 3 models, 4 tests, 1 source, 0 exposures, 0 metrics, 387 macros, 0 groups, 0 semantic models
[0m23:13:55.983417 [debug] [MainThread]: Sending event: {'category': 'dbt', 'action': 'runnable_timing', 'label': '1cf45cf5-bb14-4298-a98a-a29095d58c17', 'context': [<snowplow_tracker.self_describing_json.SelfDescribingJson object at 0x1047844d0>]}
[0m23:13:55.984167 [info ] [MainThread]: 
[0m23:13:55.984485 [debug] [MainThread]: Acquiring new mysql connection 'master'
[0m23:13:55.984954 [debug] [ThreadPool]: Acquiring new mysql connection 'list_schemas'
[0m23:13:55.988473 [debug] [ThreadPool]: Using mysql connection "list_schemas"
[0m23:13:55.988607 [debug] [ThreadPool]: On list_schemas: /* {"app": "dbt", "dbt_version": "1.7.19", "profile_name": "DBT_QUESTPL", "target_name": "dev", "connection_name": "list_schemas"} */
select distinct schema_name
        from information_schema.schemata
[0m23:13:55.988724 [debug] [ThreadPool]: Opening a new connection, currently in state init
[0m23:13:56.036390 [debug] [ThreadPool]: SQL status: SUCCESS 6 in 0.0 seconds
[0m23:13:56.037103 [debug] [ThreadPool]: On list_schemas: Close
[0m23:13:56.037817 [debug] [ThreadPool]: Re-using an available connection from the pool (formerly list_schemas, now list_None_my_dbt_db)
[0m23:13:56.040098 [debug] [ThreadPool]: Using mysql connection "list_None_my_dbt_db"
[0m23:13:56.040257 [debug] [ThreadPool]: On list_None_my_dbt_db: BEGIN
[0m23:13:56.040377 [debug] [ThreadPool]: Opening a new connection, currently in state closed
[0m23:13:56.042821 [debug] [ThreadPool]: SQL status: SUCCESS 0 in 0.0 seconds
[0m23:13:56.042952 [debug] [ThreadPool]: Using mysql connection "list_None_my_dbt_db"
[0m23:13:56.043080 [debug] [ThreadPool]: On list_None_my_dbt_db: /* {"app": "dbt", "dbt_version": "1.7.19", "profile_name": "DBT_QUESTPL", "target_name": "dev", "connection_name": "list_None_my_dbt_db"} */
select
      null as "database",
      table_name as name,
      table_schema as "schema",
      case when table_type = 'BASE TABLE' then 'table'
           when table_type = 'VIEW' then 'view'
           else table_type
      end as table_type
    from information_schema.tables
    where table_schema = 'my_dbt_db'
  
[0m23:13:56.044291 [debug] [ThreadPool]: SQL status: SUCCESS 6 in 0.0 seconds
[0m23:13:56.044832 [debug] [ThreadPool]: On list_None_my_dbt_db: ROLLBACK
[0m23:13:56.045029 [debug] [ThreadPool]: On list_None_my_dbt_db: Close
[0m23:13:56.045801 [debug] [MainThread]: Sending event: {'category': 'dbt', 'action': 'runnable_timing', 'label': '1cf45cf5-bb14-4298-a98a-a29095d58c17', 'context': [<snowplow_tracker.self_describing_json.SelfDescribingJson object at 0x1049710a0>]}
[0m23:13:56.045997 [debug] [MainThread]: Using mysql connection "master"
[0m23:13:56.046129 [debug] [MainThread]: On master: BEGIN
[0m23:13:56.046243 [debug] [MainThread]: Opening a new connection, currently in state init
[0m23:13:56.048380 [debug] [MainThread]: SQL status: SUCCESS 0 in 0.0 seconds
[0m23:13:56.048508 [debug] [MainThread]: On master: COMMIT
[0m23:13:56.048623 [debug] [MainThread]: Using mysql connection "master"
[0m23:13:56.048730 [debug] [MainThread]: On master: COMMIT
[0m23:13:56.048992 [debug] [MainThread]: SQL status: SUCCESS 0 in 0.0 seconds
[0m23:13:56.049104 [debug] [MainThread]: On master: Close
[0m23:13:56.049374 [info ] [MainThread]: Concurrency: 1 threads (target='dev')
[0m23:13:56.049510 [info ] [MainThread]: 
[0m23:13:56.050540 [debug] [Thread-1 (]: Began running node model.DBT_QUESTPL.my_first_dbt_model
[0m23:13:56.050725 [info ] [Thread-1 (]: 1 of 3 START sql table model my_dbt_db.my_first_dbt_model ...................... [RUN]
[0m23:13:56.050972 [debug] [Thread-1 (]: Re-using an available connection from the pool (formerly list_None_my_dbt_db, now model.DBT_QUESTPL.my_first_dbt_model)
[0m23:13:56.051112 [debug] [Thread-1 (]: Began compiling node model.DBT_QUESTPL.my_first_dbt_model
[0m23:13:56.054081 [debug] [Thread-1 (]: Writing injected SQL for node "model.DBT_QUESTPL.my_first_dbt_model"
[0m23:13:56.054545 [debug] [Thread-1 (]: Timing info for model.DBT_QUESTPL.my_first_dbt_model (compile): 23:13:56.051199 => 23:13:56.054449
[0m23:13:56.054693 [debug] [Thread-1 (]: Began executing node model.DBT_QUESTPL.my_first_dbt_model
[0m23:13:56.089925 [debug] [Thread-1 (]: Writing runtime sql for node "model.DBT_QUESTPL.my_first_dbt_model"
[0m23:13:56.090501 [debug] [Thread-1 (]: Using mysql connection "model.DBT_QUESTPL.my_first_dbt_model"
[0m23:13:56.090646 [debug] [Thread-1 (]: On model.DBT_QUESTPL.my_first_dbt_model: BEGIN
[0m23:13:56.090767 [debug] [Thread-1 (]: Opening a new connection, currently in state closed
[0m23:13:56.096210 [debug] [Thread-1 (]: SQL status: SUCCESS 0 in 0.0 seconds
[0m23:13:56.096349 [debug] [Thread-1 (]: Using mysql connection "model.DBT_QUESTPL.my_first_dbt_model"
[0m23:13:56.096483 [debug] [Thread-1 (]: On model.DBT_QUESTPL.my_first_dbt_model: /* {"app": "dbt", "dbt_version": "1.7.19", "profile_name": "DBT_QUESTPL", "target_name": "dev", "node_id": "model.DBT_QUESTPL.my_first_dbt_model"} */

  
    

  create  table
    `my_dbt_db`.`my_first_dbt_model__dbt_tmp`
    
    
      as
    
    (
      /*
    Welcome to your first dbt model!
    Did you know that you can also configure models directly within SQL files?
    This will override configurations stated in dbt_project.yml

    Try changing "table" to "view" below
*/



with source_data as (

    select 1 as id
    union all
    select null as id

)

select *
from source_data

/*
    Uncomment the line below to remove records with null `id` values
*/

-- where id is not null
    )

  
[0m23:13:56.116033 [debug] [Thread-1 (]: SQL status: SUCCESS 2 in 0.0 seconds
[0m23:13:56.118818 [debug] [Thread-1 (]: Using mysql connection "model.DBT_QUESTPL.my_first_dbt_model"
[0m23:13:56.118969 [debug] [Thread-1 (]: On model.DBT_QUESTPL.my_first_dbt_model: /* {"app": "dbt", "dbt_version": "1.7.19", "profile_name": "DBT_QUESTPL", "target_name": "dev", "node_id": "model.DBT_QUESTPL.my_first_dbt_model"} */

    drop table if exists `my_dbt_db`.`my_first_dbt_model` cascade
  
[0m23:13:56.119863 [debug] [Thread-1 (]: SQL status: SUCCESS 0 in 0.0 seconds
[0m23:13:56.120286 [debug] [Thread-1 (]: Using mysql connection "model.DBT_QUESTPL.my_first_dbt_model"
[0m23:13:56.120426 [debug] [Thread-1 (]: On model.DBT_QUESTPL.my_first_dbt_model: /* {"app": "dbt", "dbt_version": "1.7.19", "profile_name": "DBT_QUESTPL", "target_name": "dev", "node_id": "model.DBT_QUESTPL.my_first_dbt_model"} */

    rename table `my_dbt_db`.`my_first_dbt_model__dbt_tmp` to `my_dbt_db`.`my_first_dbt_model`
  
[0m23:13:56.122508 [debug] [Thread-1 (]: SQL status: SUCCESS 0 in 0.0 seconds
[0m23:13:56.129534 [debug] [Thread-1 (]: On model.DBT_QUESTPL.my_first_dbt_model: COMMIT
[0m23:13:56.129696 [debug] [Thread-1 (]: Using mysql connection "model.DBT_QUESTPL.my_first_dbt_model"
[0m23:13:56.129847 [debug] [Thread-1 (]: On model.DBT_QUESTPL.my_first_dbt_model: COMMIT
[0m23:13:56.130092 [debug] [Thread-1 (]: SQL status: SUCCESS 0 in 0.0 seconds
[0m23:13:56.131930 [debug] [Thread-1 (]: Using mysql connection "model.DBT_QUESTPL.my_first_dbt_model"
[0m23:13:56.132071 [debug] [Thread-1 (]: On model.DBT_QUESTPL.my_first_dbt_model: /* {"app": "dbt", "dbt_version": "1.7.19", "profile_name": "DBT_QUESTPL", "target_name": "dev", "node_id": "model.DBT_QUESTPL.my_first_dbt_model"} */
drop table if exists `my_dbt_db`.`my_first_dbt_model__dbt_backup`
[0m23:13:56.132515 [debug] [Thread-1 (]: SQL status: SUCCESS 0 in 0.0 seconds
[0m23:13:56.133089 [debug] [Thread-1 (]: Timing info for model.DBT_QUESTPL.my_first_dbt_model (execute): 23:13:56.054781 => 23:13:56.132994
[0m23:13:56.133236 [debug] [Thread-1 (]: On model.DBT_QUESTPL.my_first_dbt_model: Close
[0m23:13:56.133586 [debug] [Thread-1 (]: Sending event: {'category': 'dbt', 'action': 'run_model', 'label': '1cf45cf5-bb14-4298-a98a-a29095d58c17', 'context': [<snowplow_tracker.self_describing_json.SelfDescribingJson object at 0x104cc5e50>]}
[0m23:13:56.133821 [info ] [Thread-1 (]: 1 of 3 OK created sql table model my_dbt_db.my_first_dbt_model ................. [[32mSUCCESS 2[0m in 0.08s]
[0m23:13:56.134050 [debug] [Thread-1 (]: Finished running node model.DBT_QUESTPL.my_first_dbt_model
[0m23:13:56.134215 [debug] [Thread-1 (]: Began running node model.DBT_QUESTPL.stg_customers
[0m23:13:56.134412 [info ] [Thread-1 (]: 2 of 3 START sql view model my_dbt_db.stg_customers ............................ [RUN]
[0m23:13:56.134732 [debug] [Thread-1 (]: Re-using an available connection from the pool (formerly model.DBT_QUESTPL.my_first_dbt_model, now model.DBT_QUESTPL.stg_customers)
[0m23:13:56.134922 [debug] [Thread-1 (]: Began compiling node model.DBT_QUESTPL.stg_customers
[0m23:13:56.136145 [debug] [Thread-1 (]: Writing injected SQL for node "model.DBT_QUESTPL.stg_customers"
[0m23:13:56.136511 [debug] [Thread-1 (]: Timing info for model.DBT_QUESTPL.stg_customers (compile): 23:13:56.135021 => 23:13:56.136434
[0m23:13:56.136641 [debug] [Thread-1 (]: Began executing node model.DBT_QUESTPL.stg_customers
[0m23:13:56.143949 [debug] [Thread-1 (]: Writing runtime sql for node "model.DBT_QUESTPL.stg_customers"
[0m23:13:56.144374 [debug] [Thread-1 (]: Using mysql connection "model.DBT_QUESTPL.stg_customers"
[0m23:13:56.144509 [debug] [Thread-1 (]: On model.DBT_QUESTPL.stg_customers: BEGIN
[0m23:13:56.144635 [debug] [Thread-1 (]: Opening a new connection, currently in state closed
[0m23:13:56.148344 [debug] [Thread-1 (]: SQL status: SUCCESS 0 in 0.0 seconds
[0m23:13:56.148490 [debug] [Thread-1 (]: Using mysql connection "model.DBT_QUESTPL.stg_customers"
[0m23:13:56.148616 [debug] [Thread-1 (]: On model.DBT_QUESTPL.stg_customers: /* {"app": "dbt", "dbt_version": "1.7.19", "profile_name": "DBT_QUESTPL", "target_name": "dev", "node_id": "model.DBT_QUESTPL.stg_customers"} */

  create view `my_dbt_db`.`stg_customers__dbt_tmp`
    
    
  as (
    # CTE  Common  Table Expression
with source as (
    select * from `my_dbt_db`.`raw_customers`
),
renamed as (
    select
        id as customer_id,
        name as customer_name
    from source
)
select * from renamed
  );
[0m23:13:56.151566 [debug] [Thread-1 (]: SQL status: SUCCESS 0 in 0.0 seconds
[0m23:13:56.152706 [debug] [Thread-1 (]: Using mysql connection "model.DBT_QUESTPL.stg_customers"
[0m23:13:56.152834 [debug] [Thread-1 (]: On model.DBT_QUESTPL.stg_customers: /* {"app": "dbt", "dbt_version": "1.7.19", "profile_name": "DBT_QUESTPL", "target_name": "dev", "node_id": "model.DBT_QUESTPL.stg_customers"} */

    drop view if exists `my_dbt_db`.`stg_customers` cascade
  
[0m23:13:56.153392 [debug] [Thread-1 (]: SQL status: SUCCESS 0 in 0.0 seconds
[0m23:13:56.153791 [debug] [Thread-1 (]: Using mysql connection "model.DBT_QUESTPL.stg_customers"
[0m23:13:56.153920 [debug] [Thread-1 (]: On model.DBT_QUESTPL.stg_customers: /* {"app": "dbt", "dbt_version": "1.7.19", "profile_name": "DBT_QUESTPL", "target_name": "dev", "node_id": "model.DBT_QUESTPL.stg_customers"} */

    rename table `my_dbt_db`.`stg_customers__dbt_tmp` to `my_dbt_db`.`stg_customers`
  
[0m23:13:56.155125 [debug] [Thread-1 (]: SQL status: SUCCESS 0 in 0.0 seconds
[0m23:13:56.155822 [debug] [Thread-1 (]: On model.DBT_QUESTPL.stg_customers: COMMIT
[0m23:13:56.155968 [debug] [Thread-1 (]: Using mysql connection "model.DBT_QUESTPL.stg_customers"
[0m23:13:56.156138 [debug] [Thread-1 (]: On model.DBT_QUESTPL.stg_customers: COMMIT
[0m23:13:56.156429 [debug] [Thread-1 (]: SQL status: SUCCESS 0 in 0.0 seconds
[0m23:13:56.157331 [debug] [Thread-1 (]: Using mysql connection "model.DBT_QUESTPL.stg_customers"
[0m23:13:56.157465 [debug] [Thread-1 (]: On model.DBT_QUESTPL.stg_customers: /* {"app": "dbt", "dbt_version": "1.7.19", "profile_name": "DBT_QUESTPL", "target_name": "dev", "node_id": "model.DBT_QUESTPL.stg_customers"} */
drop view if exists `my_dbt_db`.`stg_customers__dbt_backup`
[0m23:13:56.158016 [debug] [Thread-1 (]: SQL status: SUCCESS 0 in 0.0 seconds
[0m23:13:56.158553 [debug] [Thread-1 (]: Timing info for model.DBT_QUESTPL.stg_customers (execute): 23:13:56.136716 => 23:13:56.158475
[0m23:13:56.158688 [debug] [Thread-1 (]: On model.DBT_QUESTPL.stg_customers: Close
[0m23:13:56.159000 [debug] [Thread-1 (]: Sending event: {'category': 'dbt', 'action': 'run_model', 'label': '1cf45cf5-bb14-4298-a98a-a29095d58c17', 'context': [<snowplow_tracker.self_describing_json.SelfDescribingJson object at 0x104cc5910>]}
[0m23:13:56.159213 [info ] [Thread-1 (]: 2 of 3 OK created sql view model my_dbt_db.stg_customers ....................... [[32mSUCCESS 0[0m in 0.02s]
[0m23:13:56.159432 [debug] [Thread-1 (]: Finished running node model.DBT_QUESTPL.stg_customers
[0m23:13:56.159584 [debug] [Thread-1 (]: Began running node model.DBT_QUESTPL.my_second_dbt_model
[0m23:13:56.159759 [info ] [Thread-1 (]: 3 of 3 START sql view model my_dbt_db.my_second_dbt_model ...................... [RUN]
[0m23:13:56.160011 [debug] [Thread-1 (]: Re-using an available connection from the pool (formerly model.DBT_QUESTPL.stg_customers, now model.DBT_QUESTPL.my_second_dbt_model)
[0m23:13:56.160151 [debug] [Thread-1 (]: Began compiling node model.DBT_QUESTPL.my_second_dbt_model
[0m23:13:56.161161 [debug] [Thread-1 (]: Writing injected SQL for node "model.DBT_QUESTPL.my_second_dbt_model"
[0m23:13:56.161453 [debug] [Thread-1 (]: Timing info for model.DBT_QUESTPL.my_second_dbt_model (compile): 23:13:56.160229 => 23:13:56.161376
[0m23:13:56.161577 [debug] [Thread-1 (]: Began executing node model.DBT_QUESTPL.my_second_dbt_model
[0m23:13:56.163041 [debug] [Thread-1 (]: Writing runtime sql for node "model.DBT_QUESTPL.my_second_dbt_model"
[0m23:13:56.163264 [debug] [Thread-1 (]: Using mysql connection "model.DBT_QUESTPL.my_second_dbt_model"
[0m23:13:56.163384 [debug] [Thread-1 (]: On model.DBT_QUESTPL.my_second_dbt_model: BEGIN
[0m23:13:56.163500 [debug] [Thread-1 (]: Opening a new connection, currently in state closed
[0m23:13:56.167566 [debug] [Thread-1 (]: SQL status: SUCCESS 0 in 0.0 seconds
[0m23:13:56.167703 [debug] [Thread-1 (]: Using mysql connection "model.DBT_QUESTPL.my_second_dbt_model"
[0m23:13:56.167825 [debug] [Thread-1 (]: On model.DBT_QUESTPL.my_second_dbt_model: /* {"app": "dbt", "dbt_version": "1.7.19", "profile_name": "DBT_QUESTPL", "target_name": "dev", "node_id": "model.DBT_QUESTPL.my_second_dbt_model"} */

  create view `my_dbt_db`.`my_second_dbt_model__dbt_tmp`
    
    
  as (
    -- Use the `ref` function to select from other models

select *
from `my_dbt_db`.`my_first_dbt_model`
where id = 1
  );
[0m23:13:56.169896 [debug] [Thread-1 (]: SQL status: SUCCESS 0 in 0.0 seconds
[0m23:13:56.170934 [debug] [Thread-1 (]: Using mysql connection "model.DBT_QUESTPL.my_second_dbt_model"
[0m23:13:56.171074 [debug] [Thread-1 (]: On model.DBT_QUESTPL.my_second_dbt_model: /* {"app": "dbt", "dbt_version": "1.7.19", "profile_name": "DBT_QUESTPL", "target_name": "dev", "node_id": "model.DBT_QUESTPL.my_second_dbt_model"} */

    drop view if exists `my_dbt_db`.`my_second_dbt_model` cascade
  
[0m23:13:56.171581 [debug] [Thread-1 (]: SQL status: SUCCESS 0 in 0.0 seconds
[0m23:13:56.171931 [debug] [Thread-1 (]: Using mysql connection "model.DBT_QUESTPL.my_second_dbt_model"
[0m23:13:56.172057 [debug] [Thread-1 (]: On model.DBT_QUESTPL.my_second_dbt_model: /* {"app": "dbt", "dbt_version": "1.7.19", "profile_name": "DBT_QUESTPL", "target_name": "dev", "node_id": "model.DBT_QUESTPL.my_second_dbt_model"} */

    rename table `my_dbt_db`.`my_second_dbt_model__dbt_tmp` to `my_dbt_db`.`my_second_dbt_model`
  
[0m23:13:56.173468 [debug] [Thread-1 (]: SQL status: SUCCESS 0 in 0.0 seconds
[0m23:13:56.174148 [debug] [Thread-1 (]: On model.DBT_QUESTPL.my_second_dbt_model: COMMIT
[0m23:13:56.174274 [debug] [Thread-1 (]: Using mysql connection "model.DBT_QUESTPL.my_second_dbt_model"
[0m23:13:56.174500 [debug] [Thread-1 (]: On model.DBT_QUESTPL.my_second_dbt_model: COMMIT
[0m23:13:56.174844 [debug] [Thread-1 (]: SQL status: SUCCESS 0 in 0.0 seconds
[0m23:13:56.176523 [debug] [Thread-1 (]: Using mysql connection "model.DBT_QUESTPL.my_second_dbt_model"
[0m23:13:56.176665 [debug] [Thread-1 (]: On model.DBT_QUESTPL.my_second_dbt_model: /* {"app": "dbt", "dbt_version": "1.7.19", "profile_name": "DBT_QUESTPL", "target_name": "dev", "node_id": "model.DBT_QUESTPL.my_second_dbt_model"} */
drop view if exists `my_dbt_db`.`my_second_dbt_model__dbt_backup`
[0m23:13:56.177760 [debug] [Thread-1 (]: SQL status: SUCCESS 0 in 0.0 seconds
[0m23:13:56.178353 [debug] [Thread-1 (]: Timing info for model.DBT_QUESTPL.my_second_dbt_model (execute): 23:13:56.161652 => 23:13:56.178275
[0m23:13:56.178483 [debug] [Thread-1 (]: On model.DBT_QUESTPL.my_second_dbt_model: Close
[0m23:13:56.178790 [debug] [Thread-1 (]: Sending event: {'category': 'dbt', 'action': 'run_model', 'label': '1cf45cf5-bb14-4298-a98a-a29095d58c17', 'context': [<snowplow_tracker.self_describing_json.SelfDescribingJson object at 0x104ac3fe0>]}
[0m23:13:56.179000 [info ] [Thread-1 (]: 3 of 3 OK created sql view model my_dbt_db.my_second_dbt_model ................. [[32mSUCCESS 0[0m in 0.02s]
[0m23:13:56.179224 [debug] [Thread-1 (]: Finished running node model.DBT_QUESTPL.my_second_dbt_model
[0m23:13:56.179751 [debug] [MainThread]: Using mysql connection "master"
[0m23:13:56.179861 [debug] [MainThread]: On master: BEGIN
[0m23:13:56.179961 [debug] [MainThread]: Opening a new connection, currently in state closed
[0m23:13:56.184263 [debug] [MainThread]: SQL status: SUCCESS 0 in 0.0 seconds
[0m23:13:56.184388 [debug] [MainThread]: On master: COMMIT
[0m23:13:56.184492 [debug] [MainThread]: Using mysql connection "master"
[0m23:13:56.184594 [debug] [MainThread]: On master: COMMIT
[0m23:13:56.184828 [debug] [MainThread]: SQL status: SUCCESS 0 in 0.0 seconds
[0m23:13:56.184937 [debug] [MainThread]: On master: Close
[0m23:13:56.185193 [debug] [MainThread]: Connection 'master' was properly closed.
[0m23:13:56.185296 [debug] [MainThread]: Connection 'model.DBT_QUESTPL.my_second_dbt_model' was properly closed.
[0m23:13:56.185433 [info ] [MainThread]: 
[0m23:13:56.185605 [info ] [MainThread]: Finished running 1 table model, 2 view models in 0 hours 0 minutes and 0.20 seconds (0.20s).
[0m23:13:56.185965 [debug] [MainThread]: Command end result
[0m23:13:56.188429 [info ] [MainThread]: 
[0m23:13:56.188581 [info ] [MainThread]: [32mCompleted successfully[0m
[0m23:13:56.188719 [info ] [MainThread]: 
[0m23:13:56.188887 [info ] [MainThread]: Done. PASS=3 WARN=0 ERROR=0 SKIP=0 TOTAL=3
[0m23:13:56.189690 [debug] [MainThread]: Sending event: {'category': 'dbt', 'action': 'invocation', 'label': 'end', 'context': [<snowplow_tracker.self_describing_json.SelfDescribingJson object at 0x104417fe0>, <snowplow_tracker.self_describing_json.SelfDescribingJson object at 0x104adc440>, <snowplow_tracker.self_describing_json.SelfDescribingJson object at 0x104c44b00>]}
[0m23:13:56.189855 [debug] [MainThread]: Flushing usage events
[0m23:35:28.847192 [debug] [MainThread]: Sending event: {'category': 'dbt', 'action': 'invocation', 'label': 'start', 'context': [<snowplow_tracker.self_describing_json.SelfDescribingJson object at 0x104c2e510>, <snowplow_tracker.self_describing_json.SelfDescribingJson object at 0x104c63830>, <snowplow_tracker.self_describing_json.SelfDescribingJson object at 0x104c63560>]}


============================== 23:35:28.849102 | b69ae576-c739-44b2-b8f3-7cd607c4fdb8 ==============================
[0m23:35:28.849102 [info ] [MainThread]: Running with dbt=1.7.19
[0m23:35:28.849377 [debug] [MainThread]: running dbt with arguments {'printer_width': '80', 'indirect_selection': 'eager', 'log_cache_events': 'False', 'write_json': 'True', 'partial_parse': 'True', 'cache_selected_only': 'False', 'profiles_dir': '/Users/claetiane/Documents/VSCode/dbt_questpl', 'fail_fast': 'False', 'debug': 'False', 'log_path': '/Users/claetiane/Documents/VSCode/dbt_questpl/logs', 'version_check': 'True', 'warn_error': 'None', 'use_colors': 'True', 'use_experimental_parser': 'False', 'no_print': 'None', 'quiet': 'False', 'log_format': 'default', 'static_parser': 'True', 'introspect': 'True', 'invocation_command': 'dbt run', 'target_path': 'None', 'warn_error_options': 'WarnErrorOptions(include=[], exclude=[])', 'send_anonymous_usage_stats': 'True'}
[0m23:35:28.899727 [debug] [MainThread]: Sending event: {'category': 'dbt', 'action': 'project_id', 'label': 'b69ae576-c739-44b2-b8f3-7cd607c4fdb8', 'context': [<snowplow_tracker.self_describing_json.SelfDescribingJson object at 0x104c63830>]}
[0m23:35:28.917355 [debug] [MainThread]: Sending event: {'category': 'dbt', 'action': 'adapter_info', 'label': 'b69ae576-c739-44b2-b8f3-7cd607c4fdb8', 'context': [<snowplow_tracker.self_describing_json.SelfDescribingJson object at 0x104c63a40>]}
[0m23:35:28.917635 [info ] [MainThread]: Registered adapter: mysql=1.7.0
[0m23:35:28.923107 [debug] [MainThread]: checksum: a8d43cdff37d0f32d7fbe4c5c25bea4bb6c86e162f8ce8fdb1a38cdcf7495431, vars: {}, profile: , target: , version: 1.7.19
[0m23:35:28.934783 [debug] [MainThread]: Partial parsing enabled: 0 files deleted, 0 files added, 0 files changed.
[0m23:35:28.934981 [debug] [MainThread]: Partial parsing enabled, no changes found, skipping parsing
[0m23:35:28.937337 [debug] [MainThread]: Sending event: {'category': 'dbt', 'action': 'load_project', 'label': 'b69ae576-c739-44b2-b8f3-7cd607c4fdb8', 'context': [<snowplow_tracker.self_describing_json.SelfDescribingJson object at 0x104e46180>]}
[0m23:35:28.941157 [debug] [MainThread]: Sending event: {'category': 'dbt', 'action': 'resource_counts', 'label': 'b69ae576-c739-44b2-b8f3-7cd607c4fdb8', 'context': [<snowplow_tracker.self_describing_json.SelfDescribingJson object at 0x1050e5190>]}
[0m23:35:28.941401 [info ] [MainThread]: Found 3 models, 4 tests, 1 source, 0 exposures, 0 metrics, 387 macros, 0 groups, 0 semantic models
[0m23:35:28.941571 [debug] [MainThread]: Sending event: {'category': 'dbt', 'action': 'runnable_timing', 'label': 'b69ae576-c739-44b2-b8f3-7cd607c4fdb8', 'context': [<snowplow_tracker.self_describing_json.SelfDescribingJson object at 0x1050e4e90>]}
[0m23:35:28.942342 [info ] [MainThread]: 
[0m23:35:28.942670 [debug] [MainThread]: Acquiring new mysql connection 'master'
[0m23:35:28.943124 [debug] [ThreadPool]: Acquiring new mysql connection 'list_schemas'
[0m23:35:28.946936 [debug] [ThreadPool]: Using mysql connection "list_schemas"
[0m23:35:28.947064 [debug] [ThreadPool]: On list_schemas: /* {"app": "dbt", "dbt_version": "1.7.19", "profile_name": "DBT_QUESTPL", "target_name": "dev", "connection_name": "list_schemas"} */
select distinct schema_name
        from information_schema.schemata
[0m23:35:28.947175 [debug] [ThreadPool]: Opening a new connection, currently in state init
[0m23:35:28.960069 [debug] [ThreadPool]: SQL status: SUCCESS 6 in 0.0 seconds
[0m23:35:28.960795 [debug] [ThreadPool]: On list_schemas: Close
[0m23:35:28.961451 [debug] [ThreadPool]: Re-using an available connection from the pool (formerly list_schemas, now list_None_my_dbt_db)
[0m23:35:28.963785 [debug] [ThreadPool]: Using mysql connection "list_None_my_dbt_db"
[0m23:35:28.963927 [debug] [ThreadPool]: On list_None_my_dbt_db: BEGIN
[0m23:35:28.964032 [debug] [ThreadPool]: Opening a new connection, currently in state closed
[0m23:35:28.970353 [debug] [ThreadPool]: SQL status: SUCCESS 0 in 0.0 seconds
[0m23:35:28.970500 [debug] [ThreadPool]: Using mysql connection "list_None_my_dbt_db"
[0m23:35:28.970619 [debug] [ThreadPool]: On list_None_my_dbt_db: /* {"app": "dbt", "dbt_version": "1.7.19", "profile_name": "DBT_QUESTPL", "target_name": "dev", "connection_name": "list_None_my_dbt_db"} */
select
      null as "database",
      table_name as name,
      table_schema as "schema",
      case when table_type = 'BASE TABLE' then 'table'
           when table_type = 'VIEW' then 'view'
           else table_type
      end as table_type
    from information_schema.tables
    where table_schema = 'my_dbt_db'
  
[0m23:35:28.972955 [debug] [ThreadPool]: SQL status: SUCCESS 9 in 0.0 seconds
[0m23:35:28.973554 [debug] [ThreadPool]: On list_None_my_dbt_db: ROLLBACK
[0m23:35:28.973810 [debug] [ThreadPool]: On list_None_my_dbt_db: Close
[0m23:35:28.974692 [debug] [MainThread]: Sending event: {'category': 'dbt', 'action': 'runnable_timing', 'label': 'b69ae576-c739-44b2-b8f3-7cd607c4fdb8', 'context': [<snowplow_tracker.self_describing_json.SelfDescribingJson object at 0x105154b60>]}
[0m23:35:28.974868 [debug] [MainThread]: Using mysql connection "master"
[0m23:35:28.974978 [debug] [MainThread]: On master: BEGIN
[0m23:35:28.975081 [debug] [MainThread]: Opening a new connection, currently in state init
[0m23:35:28.981061 [debug] [MainThread]: SQL status: SUCCESS 0 in 0.0 seconds
[0m23:35:28.981189 [debug] [MainThread]: On master: COMMIT
[0m23:35:28.981300 [debug] [MainThread]: Using mysql connection "master"
[0m23:35:28.981406 [debug] [MainThread]: On master: COMMIT
[0m23:35:28.981709 [debug] [MainThread]: SQL status: SUCCESS 0 in 0.0 seconds
[0m23:35:28.981821 [debug] [MainThread]: On master: Close
[0m23:35:28.982082 [info ] [MainThread]: Concurrency: 1 threads (target='dev')
[0m23:35:28.982216 [info ] [MainThread]: 
[0m23:35:28.983007 [debug] [Thread-1 (]: Began running node model.DBT_QUESTPL.my_first_dbt_model
[0m23:35:28.983191 [info ] [Thread-1 (]: 1 of 3 START sql table model my_dbt_db.my_first_dbt_model ...................... [RUN]
[0m23:35:28.983445 [debug] [Thread-1 (]: Re-using an available connection from the pool (formerly list_None_my_dbt_db, now model.DBT_QUESTPL.my_first_dbt_model)
[0m23:35:28.983575 [debug] [Thread-1 (]: Began compiling node model.DBT_QUESTPL.my_first_dbt_model
[0m23:35:28.986688 [debug] [Thread-1 (]: Writing injected SQL for node "model.DBT_QUESTPL.my_first_dbt_model"
[0m23:35:28.987034 [debug] [Thread-1 (]: Timing info for model.DBT_QUESTPL.my_first_dbt_model (compile): 23:35:28.983661 => 23:35:28.986951
[0m23:35:28.987167 [debug] [Thread-1 (]: Began executing node model.DBT_QUESTPL.my_first_dbt_model
[0m23:35:29.000481 [debug] [Thread-1 (]: Writing runtime sql for node "model.DBT_QUESTPL.my_first_dbt_model"
[0m23:35:29.000849 [debug] [Thread-1 (]: Using mysql connection "model.DBT_QUESTPL.my_first_dbt_model"
[0m23:35:29.000976 [debug] [Thread-1 (]: On model.DBT_QUESTPL.my_first_dbt_model: BEGIN
[0m23:35:29.001094 [debug] [Thread-1 (]: Opening a new connection, currently in state closed
[0m23:35:29.007318 [debug] [Thread-1 (]: SQL status: SUCCESS 0 in 0.0 seconds
[0m23:35:29.007456 [debug] [Thread-1 (]: Using mysql connection "model.DBT_QUESTPL.my_first_dbt_model"
[0m23:35:29.007585 [debug] [Thread-1 (]: On model.DBT_QUESTPL.my_first_dbt_model: /* {"app": "dbt", "dbt_version": "1.7.19", "profile_name": "DBT_QUESTPL", "target_name": "dev", "node_id": "model.DBT_QUESTPL.my_first_dbt_model"} */

  
    

  create  table
    `my_dbt_db`.`my_first_dbt_model__dbt_tmp`
    
    
      as
    
    (
      /*
    Welcome to your first dbt model!
    Did you know that you can also configure models directly within SQL files?
    This will override configurations stated in dbt_project.yml

    Try changing "table" to "view" below
*/



with source_data as (

    select 1 as id
    union all
    select null as id

)

select *
from source_data

/*
    Uncomment the line below to remove records with null `id` values
*/

-- where id is not null
    )

  
[0m23:35:29.016937 [debug] [Thread-1 (]: SQL status: SUCCESS 2 in 0.0 seconds
[0m23:35:29.019498 [debug] [Thread-1 (]: Using mysql connection "model.DBT_QUESTPL.my_first_dbt_model"
[0m23:35:29.019633 [debug] [Thread-1 (]: On model.DBT_QUESTPL.my_first_dbt_model: /* {"app": "dbt", "dbt_version": "1.7.19", "profile_name": "DBT_QUESTPL", "target_name": "dev", "node_id": "model.DBT_QUESTPL.my_first_dbt_model"} */

    drop table if exists `my_dbt_db`.`my_first_dbt_model__dbt_backup` cascade
  
[0m23:35:29.020554 [debug] [Thread-1 (]: SQL status: SUCCESS 0 in 0.0 seconds
[0m23:35:29.020938 [debug] [Thread-1 (]: Using mysql connection "model.DBT_QUESTPL.my_first_dbt_model"
[0m23:35:29.021069 [debug] [Thread-1 (]: On model.DBT_QUESTPL.my_first_dbt_model: /* {"app": "dbt", "dbt_version": "1.7.19", "profile_name": "DBT_QUESTPL", "target_name": "dev", "node_id": "model.DBT_QUESTPL.my_first_dbt_model"} */

    rename table `my_dbt_db`.`my_first_dbt_model` to `my_dbt_db`.`my_first_dbt_model__dbt_backup`
  
[0m23:35:29.026261 [debug] [Thread-1 (]: SQL status: SUCCESS 0 in 0.0 seconds
[0m23:35:29.027368 [debug] [Thread-1 (]: Using mysql connection "model.DBT_QUESTPL.my_first_dbt_model"
[0m23:35:29.027501 [debug] [Thread-1 (]: On model.DBT_QUESTPL.my_first_dbt_model: /* {"app": "dbt", "dbt_version": "1.7.19", "profile_name": "DBT_QUESTPL", "target_name": "dev", "node_id": "model.DBT_QUESTPL.my_first_dbt_model"} */

    drop table if exists `my_dbt_db`.`my_first_dbt_model` cascade
  
[0m23:35:29.028260 [debug] [Thread-1 (]: SQL status: SUCCESS 0 in 0.0 seconds
[0m23:35:29.028612 [debug] [Thread-1 (]: Using mysql connection "model.DBT_QUESTPL.my_first_dbt_model"
[0m23:35:29.028743 [debug] [Thread-1 (]: On model.DBT_QUESTPL.my_first_dbt_model: /* {"app": "dbt", "dbt_version": "1.7.19", "profile_name": "DBT_QUESTPL", "target_name": "dev", "node_id": "model.DBT_QUESTPL.my_first_dbt_model"} */

    rename table `my_dbt_db`.`my_first_dbt_model__dbt_tmp` to `my_dbt_db`.`my_first_dbt_model`
  
[0m23:35:29.033333 [debug] [Thread-1 (]: SQL status: SUCCESS 0 in 0.0 seconds
[0m23:35:29.040744 [debug] [Thread-1 (]: On model.DBT_QUESTPL.my_first_dbt_model: COMMIT
[0m23:35:29.040895 [debug] [Thread-1 (]: Using mysql connection "model.DBT_QUESTPL.my_first_dbt_model"
[0m23:35:29.041024 [debug] [Thread-1 (]: On model.DBT_QUESTPL.my_first_dbt_model: COMMIT
[0m23:35:29.041285 [debug] [Thread-1 (]: SQL status: SUCCESS 0 in 0.0 seconds
[0m23:35:29.043070 [debug] [Thread-1 (]: Using mysql connection "model.DBT_QUESTPL.my_first_dbt_model"
[0m23:35:29.043205 [debug] [Thread-1 (]: On model.DBT_QUESTPL.my_first_dbt_model: /* {"app": "dbt", "dbt_version": "1.7.19", "profile_name": "DBT_QUESTPL", "target_name": "dev", "node_id": "model.DBT_QUESTPL.my_first_dbt_model"} */
drop table if exists `my_dbt_db`.`my_first_dbt_model__dbt_backup`
[0m23:35:29.046493 [debug] [Thread-1 (]: SQL status: SUCCESS 0 in 0.0 seconds
[0m23:35:29.047105 [debug] [Thread-1 (]: Timing info for model.DBT_QUESTPL.my_first_dbt_model (execute): 23:35:28.987242 => 23:35:29.047016
[0m23:35:29.047245 [debug] [Thread-1 (]: On model.DBT_QUESTPL.my_first_dbt_model: Close
[0m23:35:29.047559 [debug] [Thread-1 (]: Sending event: {'category': 'dbt', 'action': 'run_model', 'label': 'b69ae576-c739-44b2-b8f3-7cd607c4fdb8', 'context': [<snowplow_tracker.self_describing_json.SelfDescribingJson object at 0x105157830>]}
[0m23:35:29.047792 [info ] [Thread-1 (]: 1 of 3 OK created sql table model my_dbt_db.my_first_dbt_model ................. [[32mSUCCESS 2[0m in 0.06s]
[0m23:35:29.048020 [debug] [Thread-1 (]: Finished running node model.DBT_QUESTPL.my_first_dbt_model
[0m23:35:29.048182 [debug] [Thread-1 (]: Began running node model.DBT_QUESTPL.stg_customers
[0m23:35:29.048403 [info ] [Thread-1 (]: 2 of 3 START sql view model my_dbt_db.stg_customers ............................ [RUN]
[0m23:35:29.048716 [debug] [Thread-1 (]: Re-using an available connection from the pool (formerly model.DBT_QUESTPL.my_first_dbt_model, now model.DBT_QUESTPL.stg_customers)
[0m23:35:29.048860 [debug] [Thread-1 (]: Began compiling node model.DBT_QUESTPL.stg_customers
[0m23:35:29.049771 [debug] [Thread-1 (]: Writing injected SQL for node "model.DBT_QUESTPL.stg_customers"
[0m23:35:29.050057 [debug] [Thread-1 (]: Timing info for model.DBT_QUESTPL.stg_customers (compile): 23:35:29.048943 => 23:35:29.049983
[0m23:35:29.050186 [debug] [Thread-1 (]: Began executing node model.DBT_QUESTPL.stg_customers
[0m23:35:29.057428 [debug] [Thread-1 (]: Writing runtime sql for node "model.DBT_QUESTPL.stg_customers"
[0m23:35:29.057796 [debug] [Thread-1 (]: Using mysql connection "model.DBT_QUESTPL.stg_customers"
[0m23:35:29.057933 [debug] [Thread-1 (]: On model.DBT_QUESTPL.stg_customers: BEGIN
[0m23:35:29.058065 [debug] [Thread-1 (]: Opening a new connection, currently in state closed
[0m23:35:29.061942 [debug] [Thread-1 (]: SQL status: SUCCESS 0 in 0.0 seconds
[0m23:35:29.062074 [debug] [Thread-1 (]: Using mysql connection "model.DBT_QUESTPL.stg_customers"
[0m23:35:29.062202 [debug] [Thread-1 (]: On model.DBT_QUESTPL.stg_customers: /* {"app": "dbt", "dbt_version": "1.7.19", "profile_name": "DBT_QUESTPL", "target_name": "dev", "node_id": "model.DBT_QUESTPL.stg_customers"} */

  create view `my_dbt_db`.`stg_customers__dbt_tmp`
    
    
  as (
    # CTE  Common  Table Expression
with source as (
    select * from `my_dbt_db`.`raw_customers`
),
renamed as (
    select
        id as customer_id,
        name as customer_name
    from source
)
select * from renamed
  );
[0m23:35:29.063429 [debug] [Thread-1 (]: SQL status: SUCCESS 0 in 0.0 seconds
[0m23:35:29.064660 [debug] [Thread-1 (]: Using mysql connection "model.DBT_QUESTPL.stg_customers"
[0m23:35:29.064785 [debug] [Thread-1 (]: On model.DBT_QUESTPL.stg_customers: /* {"app": "dbt", "dbt_version": "1.7.19", "profile_name": "DBT_QUESTPL", "target_name": "dev", "node_id": "model.DBT_QUESTPL.stg_customers"} */

    drop view if exists `my_dbt_db`.`stg_customers__dbt_backup` cascade
  
[0m23:35:29.065269 [debug] [Thread-1 (]: SQL status: SUCCESS 0 in 0.0 seconds
[0m23:35:29.065604 [debug] [Thread-1 (]: Using mysql connection "model.DBT_QUESTPL.stg_customers"
[0m23:35:29.065726 [debug] [Thread-1 (]: On model.DBT_QUESTPL.stg_customers: /* {"app": "dbt", "dbt_version": "1.7.19", "profile_name": "DBT_QUESTPL", "target_name": "dev", "node_id": "model.DBT_QUESTPL.stg_customers"} */

    rename table `my_dbt_db`.`stg_customers` to `my_dbt_db`.`stg_customers__dbt_backup`
  
[0m23:35:29.066778 [debug] [Thread-1 (]: SQL status: SUCCESS 0 in 0.0 seconds
[0m23:35:29.067778 [debug] [Thread-1 (]: Using mysql connection "model.DBT_QUESTPL.stg_customers"
[0m23:35:29.067906 [debug] [Thread-1 (]: On model.DBT_QUESTPL.stg_customers: /* {"app": "dbt", "dbt_version": "1.7.19", "profile_name": "DBT_QUESTPL", "target_name": "dev", "node_id": "model.DBT_QUESTPL.stg_customers"} */

    drop view if exists `my_dbt_db`.`stg_customers` cascade
  
[0m23:35:29.068460 [debug] [Thread-1 (]: SQL status: SUCCESS 0 in 0.0 seconds
[0m23:35:29.068786 [debug] [Thread-1 (]: Using mysql connection "model.DBT_QUESTPL.stg_customers"
[0m23:35:29.068910 [debug] [Thread-1 (]: On model.DBT_QUESTPL.stg_customers: /* {"app": "dbt", "dbt_version": "1.7.19", "profile_name": "DBT_QUESTPL", "target_name": "dev", "node_id": "model.DBT_QUESTPL.stg_customers"} */

    rename table `my_dbt_db`.`stg_customers__dbt_tmp` to `my_dbt_db`.`stg_customers`
  
[0m23:35:29.070152 [debug] [Thread-1 (]: SQL status: SUCCESS 0 in 0.0 seconds
[0m23:35:29.070819 [debug] [Thread-1 (]: On model.DBT_QUESTPL.stg_customers: COMMIT
[0m23:35:29.070953 [debug] [Thread-1 (]: Using mysql connection "model.DBT_QUESTPL.stg_customers"
[0m23:35:29.071073 [debug] [Thread-1 (]: On model.DBT_QUESTPL.stg_customers: COMMIT
[0m23:35:29.071307 [debug] [Thread-1 (]: SQL status: SUCCESS 0 in 0.0 seconds
[0m23:35:29.072715 [debug] [Thread-1 (]: Using mysql connection "model.DBT_QUESTPL.stg_customers"
[0m23:35:29.072839 [debug] [Thread-1 (]: On model.DBT_QUESTPL.stg_customers: /* {"app": "dbt", "dbt_version": "1.7.19", "profile_name": "DBT_QUESTPL", "target_name": "dev", "node_id": "model.DBT_QUESTPL.stg_customers"} */
drop view if exists `my_dbt_db`.`stg_customers__dbt_backup`
[0m23:35:29.074329 [debug] [Thread-1 (]: SQL status: SUCCESS 0 in 0.0 seconds
[0m23:35:29.074807 [debug] [Thread-1 (]: Timing info for model.DBT_QUESTPL.stg_customers (execute): 23:35:29.050264 => 23:35:29.074730
[0m23:35:29.074939 [debug] [Thread-1 (]: On model.DBT_QUESTPL.stg_customers: Close
[0m23:35:29.075243 [debug] [Thread-1 (]: Sending event: {'category': 'dbt', 'action': 'run_model', 'label': 'b69ae576-c739-44b2-b8f3-7cd607c4fdb8', 'context': [<snowplow_tracker.self_describing_json.SelfDescribingJson object at 0x10528d3a0>]}
[0m23:35:29.075452 [info ] [Thread-1 (]: 2 of 3 OK created sql view model my_dbt_db.stg_customers ....................... [[32mSUCCESS 0[0m in 0.03s]
[0m23:35:29.075668 [debug] [Thread-1 (]: Finished running node model.DBT_QUESTPL.stg_customers
[0m23:35:29.075823 [debug] [Thread-1 (]: Began running node model.DBT_QUESTPL.my_second_dbt_model
[0m23:35:29.076012 [info ] [Thread-1 (]: 3 of 3 START sql view model my_dbt_db.my_second_dbt_model ...................... [RUN]
[0m23:35:29.076285 [debug] [Thread-1 (]: Re-using an available connection from the pool (formerly model.DBT_QUESTPL.stg_customers, now model.DBT_QUESTPL.my_second_dbt_model)
[0m23:35:29.076420 [debug] [Thread-1 (]: Began compiling node model.DBT_QUESTPL.my_second_dbt_model
[0m23:35:29.077449 [debug] [Thread-1 (]: Writing injected SQL for node "model.DBT_QUESTPL.my_second_dbt_model"
[0m23:35:29.077766 [debug] [Thread-1 (]: Timing info for model.DBT_QUESTPL.my_second_dbt_model (compile): 23:35:29.076502 => 23:35:29.077685
[0m23:35:29.077890 [debug] [Thread-1 (]: Began executing node model.DBT_QUESTPL.my_second_dbt_model
[0m23:35:29.079331 [debug] [Thread-1 (]: Writing runtime sql for node "model.DBT_QUESTPL.my_second_dbt_model"
[0m23:35:29.079575 [debug] [Thread-1 (]: Using mysql connection "model.DBT_QUESTPL.my_second_dbt_model"
[0m23:35:29.079710 [debug] [Thread-1 (]: On model.DBT_QUESTPL.my_second_dbt_model: BEGIN
[0m23:35:29.079837 [debug] [Thread-1 (]: Opening a new connection, currently in state closed
[0m23:35:29.083646 [debug] [Thread-1 (]: SQL status: SUCCESS 0 in 0.0 seconds
[0m23:35:29.083808 [debug] [Thread-1 (]: Using mysql connection "model.DBT_QUESTPL.my_second_dbt_model"
[0m23:35:29.083940 [debug] [Thread-1 (]: On model.DBT_QUESTPL.my_second_dbt_model: /* {"app": "dbt", "dbt_version": "1.7.19", "profile_name": "DBT_QUESTPL", "target_name": "dev", "node_id": "model.DBT_QUESTPL.my_second_dbt_model"} */

  create view `my_dbt_db`.`my_second_dbt_model__dbt_tmp`
    
    
  as (
    -- Use the `ref` function to select from other models

select *
from `my_dbt_db`.`my_first_dbt_model`
where id = 1
  );
[0m23:35:29.085987 [debug] [Thread-1 (]: SQL status: SUCCESS 0 in 0.0 seconds
[0m23:35:29.087247 [debug] [Thread-1 (]: Using mysql connection "model.DBT_QUESTPL.my_second_dbt_model"
[0m23:35:29.087400 [debug] [Thread-1 (]: On model.DBT_QUESTPL.my_second_dbt_model: /* {"app": "dbt", "dbt_version": "1.7.19", "profile_name": "DBT_QUESTPL", "target_name": "dev", "node_id": "model.DBT_QUESTPL.my_second_dbt_model"} */

    drop view if exists `my_dbt_db`.`my_second_dbt_model__dbt_backup` cascade
  
[0m23:35:29.088005 [debug] [Thread-1 (]: SQL status: SUCCESS 0 in 0.0 seconds
[0m23:35:29.088356 [debug] [Thread-1 (]: Using mysql connection "model.DBT_QUESTPL.my_second_dbt_model"
[0m23:35:29.088481 [debug] [Thread-1 (]: On model.DBT_QUESTPL.my_second_dbt_model: /* {"app": "dbt", "dbt_version": "1.7.19", "profile_name": "DBT_QUESTPL", "target_name": "dev", "node_id": "model.DBT_QUESTPL.my_second_dbt_model"} */

    rename table `my_dbt_db`.`my_second_dbt_model` to `my_dbt_db`.`my_second_dbt_model__dbt_backup`
  
[0m23:35:29.089807 [debug] [Thread-1 (]: SQL status: SUCCESS 0 in 0.0 seconds
[0m23:35:29.090834 [debug] [Thread-1 (]: Using mysql connection "model.DBT_QUESTPL.my_second_dbt_model"
[0m23:35:29.090956 [debug] [Thread-1 (]: On model.DBT_QUESTPL.my_second_dbt_model: /* {"app": "dbt", "dbt_version": "1.7.19", "profile_name": "DBT_QUESTPL", "target_name": "dev", "node_id": "model.DBT_QUESTPL.my_second_dbt_model"} */

    drop view if exists `my_dbt_db`.`my_second_dbt_model` cascade
  
[0m23:35:29.091521 [debug] [Thread-1 (]: SQL status: SUCCESS 0 in 0.0 seconds
[0m23:35:29.091846 [debug] [Thread-1 (]: Using mysql connection "model.DBT_QUESTPL.my_second_dbt_model"
[0m23:35:29.091971 [debug] [Thread-1 (]: On model.DBT_QUESTPL.my_second_dbt_model: /* {"app": "dbt", "dbt_version": "1.7.19", "profile_name": "DBT_QUESTPL", "target_name": "dev", "node_id": "model.DBT_QUESTPL.my_second_dbt_model"} */

    rename table `my_dbt_db`.`my_second_dbt_model__dbt_tmp` to `my_dbt_db`.`my_second_dbt_model`
  
[0m23:35:29.093382 [debug] [Thread-1 (]: SQL status: SUCCESS 0 in 0.0 seconds
[0m23:35:29.094011 [debug] [Thread-1 (]: On model.DBT_QUESTPL.my_second_dbt_model: COMMIT
[0m23:35:29.094130 [debug] [Thread-1 (]: Using mysql connection "model.DBT_QUESTPL.my_second_dbt_model"
[0m23:35:29.094242 [debug] [Thread-1 (]: On model.DBT_QUESTPL.my_second_dbt_model: COMMIT
[0m23:35:29.094487 [debug] [Thread-1 (]: SQL status: SUCCESS 0 in 0.0 seconds
[0m23:35:29.095359 [debug] [Thread-1 (]: Using mysql connection "model.DBT_QUESTPL.my_second_dbt_model"
[0m23:35:29.095485 [debug] [Thread-1 (]: On model.DBT_QUESTPL.my_second_dbt_model: /* {"app": "dbt", "dbt_version": "1.7.19", "profile_name": "DBT_QUESTPL", "target_name": "dev", "node_id": "model.DBT_QUESTPL.my_second_dbt_model"} */
drop view if exists `my_dbt_db`.`my_second_dbt_model__dbt_backup`
[0m23:35:29.096524 [debug] [Thread-1 (]: SQL status: SUCCESS 0 in 0.0 seconds
[0m23:35:29.097083 [debug] [Thread-1 (]: Timing info for model.DBT_QUESTPL.my_second_dbt_model (execute): 23:35:29.077965 => 23:35:29.096992
[0m23:35:29.097217 [debug] [Thread-1 (]: On model.DBT_QUESTPL.my_second_dbt_model: Close
[0m23:35:29.097516 [debug] [Thread-1 (]: Sending event: {'category': 'dbt', 'action': 'run_model', 'label': 'b69ae576-c739-44b2-b8f3-7cd607c4fdb8', 'context': [<snowplow_tracker.self_describing_json.SelfDescribingJson object at 0x10528d6a0>]}
[0m23:35:29.097719 [info ] [Thread-1 (]: 3 of 3 OK created sql view model my_dbt_db.my_second_dbt_model ................. [[32mSUCCESS 0[0m in 0.02s]
[0m23:35:29.097936 [debug] [Thread-1 (]: Finished running node model.DBT_QUESTPL.my_second_dbt_model
[0m23:35:29.098448 [debug] [MainThread]: Using mysql connection "master"
[0m23:35:29.098558 [debug] [MainThread]: On master: BEGIN
[0m23:35:29.098657 [debug] [MainThread]: Opening a new connection, currently in state closed
[0m23:35:29.103574 [debug] [MainThread]: SQL status: SUCCESS 0 in 0.0 seconds
[0m23:35:29.103689 [debug] [MainThread]: On master: COMMIT
[0m23:35:29.103812 [debug] [MainThread]: Using mysql connection "master"
[0m23:35:29.103911 [debug] [MainThread]: On master: COMMIT
[0m23:35:29.104142 [debug] [MainThread]: SQL status: SUCCESS 0 in 0.0 seconds
[0m23:35:29.104315 [debug] [MainThread]: On master: Close
[0m23:35:29.104563 [debug] [MainThread]: Connection 'master' was properly closed.
[0m23:35:29.104664 [debug] [MainThread]: Connection 'model.DBT_QUESTPL.my_second_dbt_model' was properly closed.
[0m23:35:29.104791 [info ] [MainThread]: 
[0m23:35:29.104936 [info ] [MainThread]: Finished running 1 table model, 2 view models in 0 hours 0 minutes and 0.16 seconds (0.16s).
[0m23:35:29.105346 [debug] [MainThread]: Command end result
[0m23:35:29.108051 [info ] [MainThread]: 
[0m23:35:29.108211 [info ] [MainThread]: [32mCompleted successfully[0m
[0m23:35:29.108349 [info ] [MainThread]: 
[0m23:35:29.108486 [info ] [MainThread]: Done. PASS=3 WARN=0 ERROR=0 SKIP=0 TOTAL=3
[0m23:35:29.109146 [debug] [MainThread]: Sending event: {'category': 'dbt', 'action': 'invocation', 'label': 'end', 'context': [<snowplow_tracker.self_describing_json.SelfDescribingJson object at 0x104afeb10>, <snowplow_tracker.self_describing_json.SelfDescribingJson object at 0x104c63560>, <snowplow_tracker.self_describing_json.SelfDescribingJson object at 0x1051193a0>]}
[0m23:35:29.109289 [debug] [MainThread]: Flushing usage events
[0m23:36:39.235568 [debug] [MainThread]: Sending event: {'category': 'dbt', 'action': 'invocation', 'label': 'start', 'context': [<snowplow_tracker.self_describing_json.SelfDescribingJson object at 0x104a111c0>, <snowplow_tracker.self_describing_json.SelfDescribingJson object at 0x104a74530>, <snowplow_tracker.self_describing_json.SelfDescribingJson object at 0x104a74260>]}


============================== 23:36:39.237079 | 390dfa42-f6ae-40ab-95a4-6d164ead6e64 ==============================
[0m23:36:39.237079 [info ] [MainThread]: Running with dbt=1.7.19
[0m23:36:39.237340 [debug] [MainThread]: running dbt with arguments {'printer_width': '80', 'indirect_selection': 'eager', 'write_json': 'True', 'log_cache_events': 'False', 'partial_parse': 'True', 'cache_selected_only': 'False', 'warn_error': 'None', 'fail_fast': 'False', 'version_check': 'True', 'log_path': '/Users/claetiane/Documents/VSCode/dbt_questpl/logs', 'profiles_dir': '/Users/claetiane/Documents/VSCode/dbt_questpl', 'debug': 'False', 'use_colors': 'True', 'use_experimental_parser': 'False', 'no_print': 'None', 'quiet': 'False', 'log_format': 'default', 'introspect': 'True', 'invocation_command': 'dbt run', 'static_parser': 'True', 'target_path': 'None', 'warn_error_options': 'WarnErrorOptions(include=[], exclude=[])', 'send_anonymous_usage_stats': 'True'}
[0m23:36:39.286790 [debug] [MainThread]: Sending event: {'category': 'dbt', 'action': 'project_id', 'label': '390dfa42-f6ae-40ab-95a4-6d164ead6e64', 'context': [<snowplow_tracker.self_describing_json.SelfDescribingJson object at 0x104d73ad0>]}
[0m23:36:39.304343 [debug] [MainThread]: Sending event: {'category': 'dbt', 'action': 'adapter_info', 'label': '390dfa42-f6ae-40ab-95a4-6d164ead6e64', 'context': [<snowplow_tracker.self_describing_json.SelfDescribingJson object at 0x10467b740>]}
[0m23:36:39.304636 [info ] [MainThread]: Registered adapter: mysql=1.7.0
[0m23:36:39.310215 [debug] [MainThread]: checksum: a8d43cdff37d0f32d7fbe4c5c25bea4bb6c86e162f8ce8fdb1a38cdcf7495431, vars: {}, profile: , target: , version: 1.7.19
[0m23:36:39.321743 [debug] [MainThread]: Partial parsing enabled: 0 files deleted, 0 files added, 0 files changed.
[0m23:36:39.321965 [debug] [MainThread]: Partial parsing enabled, no changes found, skipping parsing
[0m23:36:39.324581 [debug] [MainThread]: Sending event: {'category': 'dbt', 'action': 'load_project', 'label': '390dfa42-f6ae-40ab-95a4-6d164ead6e64', 'context': [<snowplow_tracker.self_describing_json.SelfDescribingJson object at 0x1046fb920>]}
[0m23:36:39.328629 [debug] [MainThread]: Sending event: {'category': 'dbt', 'action': 'resource_counts', 'label': '390dfa42-f6ae-40ab-95a4-6d164ead6e64', 'context': [<snowplow_tracker.self_describing_json.SelfDescribingJson object at 0x104ea6840>]}
[0m23:36:39.328874 [info ] [MainThread]: Found 3 models, 4 tests, 1 source, 0 exposures, 0 metrics, 387 macros, 0 groups, 0 semantic models
[0m23:36:39.329053 [debug] [MainThread]: Sending event: {'category': 'dbt', 'action': 'runnable_timing', 'label': '390dfa42-f6ae-40ab-95a4-6d164ead6e64', 'context': [<snowplow_tracker.self_describing_json.SelfDescribingJson object at 0x1038b0a70>]}
[0m23:36:39.329902 [info ] [MainThread]: 
[0m23:36:39.330233 [debug] [MainThread]: Acquiring new mysql connection 'master'
[0m23:36:39.330711 [debug] [ThreadPool]: Acquiring new mysql connection 'list_schemas'
[0m23:36:39.334458 [debug] [ThreadPool]: Using mysql connection "list_schemas"
[0m23:36:39.334593 [debug] [ThreadPool]: On list_schemas: /* {"app": "dbt", "dbt_version": "1.7.19", "profile_name": "DBT_QUESTPL", "target_name": "dev", "connection_name": "list_schemas"} */
select distinct schema_name
        from information_schema.schemata
[0m23:36:39.334709 [debug] [ThreadPool]: Opening a new connection, currently in state init
[0m23:36:39.346488 [debug] [ThreadPool]: SQL status: SUCCESS 6 in 0.0 seconds
[0m23:36:39.347109 [debug] [ThreadPool]: On list_schemas: Close
[0m23:36:39.347899 [debug] [ThreadPool]: Re-using an available connection from the pool (formerly list_schemas, now list_None_my_dbt_db)
[0m23:36:39.350059 [debug] [ThreadPool]: Using mysql connection "list_None_my_dbt_db"
[0m23:36:39.350203 [debug] [ThreadPool]: On list_None_my_dbt_db: BEGIN
[0m23:36:39.350317 [debug] [ThreadPool]: Opening a new connection, currently in state closed
[0m23:36:39.354233 [debug] [ThreadPool]: SQL status: SUCCESS 0 in 0.0 seconds
[0m23:36:39.354354 [debug] [ThreadPool]: Using mysql connection "list_None_my_dbt_db"
[0m23:36:39.354478 [debug] [ThreadPool]: On list_None_my_dbt_db: /* {"app": "dbt", "dbt_version": "1.7.19", "profile_name": "DBT_QUESTPL", "target_name": "dev", "connection_name": "list_None_my_dbt_db"} */
select
      null as "database",
      table_name as name,
      table_schema as "schema",
      case when table_type = 'BASE TABLE' then 'table'
           when table_type = 'VIEW' then 'view'
           else table_type
      end as table_type
    from information_schema.tables
    where table_schema = 'my_dbt_db'
  
[0m23:36:39.355998 [debug] [ThreadPool]: SQL status: SUCCESS 9 in 0.0 seconds
[0m23:36:39.356633 [debug] [ThreadPool]: On list_None_my_dbt_db: ROLLBACK
[0m23:36:39.356846 [debug] [ThreadPool]: On list_None_my_dbt_db: Close
[0m23:36:39.357688 [debug] [MainThread]: Sending event: {'category': 'dbt', 'action': 'runnable_timing', 'label': '390dfa42-f6ae-40ab-95a4-6d164ead6e64', 'context': [<snowplow_tracker.self_describing_json.SelfDescribingJson object at 0x104e4ed20>]}
[0m23:36:39.357844 [debug] [MainThread]: Using mysql connection "master"
[0m23:36:39.357945 [debug] [MainThread]: On master: BEGIN
[0m23:36:39.358042 [debug] [MainThread]: Opening a new connection, currently in state init
[0m23:36:39.363245 [debug] [MainThread]: SQL status: SUCCESS 0 in 0.0 seconds
[0m23:36:39.363369 [debug] [MainThread]: On master: COMMIT
[0m23:36:39.363477 [debug] [MainThread]: Using mysql connection "master"
[0m23:36:39.363590 [debug] [MainThread]: On master: COMMIT
[0m23:36:39.363816 [debug] [MainThread]: SQL status: SUCCESS 0 in 0.0 seconds
[0m23:36:39.363940 [debug] [MainThread]: On master: Close
[0m23:36:39.364225 [info ] [MainThread]: Concurrency: 1 threads (target='dev')
[0m23:36:39.364358 [info ] [MainThread]: 
[0m23:36:39.365207 [debug] [Thread-1 (]: Began running node model.DBT_QUESTPL.my_first_dbt_model
[0m23:36:39.365401 [info ] [Thread-1 (]: 1 of 3 START sql table model my_dbt_db.my_first_dbt_model ...................... [RUN]
[0m23:36:39.365657 [debug] [Thread-1 (]: Re-using an available connection from the pool (formerly list_None_my_dbt_db, now model.DBT_QUESTPL.my_first_dbt_model)
[0m23:36:39.365797 [debug] [Thread-1 (]: Began compiling node model.DBT_QUESTPL.my_first_dbt_model
[0m23:36:39.368778 [debug] [Thread-1 (]: Writing injected SQL for node "model.DBT_QUESTPL.my_first_dbt_model"
[0m23:36:39.369128 [debug] [Thread-1 (]: Timing info for model.DBT_QUESTPL.my_first_dbt_model (compile): 23:36:39.365885 => 23:36:39.369034
[0m23:36:39.369256 [debug] [Thread-1 (]: Began executing node model.DBT_QUESTPL.my_first_dbt_model
[0m23:36:39.383295 [debug] [Thread-1 (]: Writing runtime sql for node "model.DBT_QUESTPL.my_first_dbt_model"
[0m23:36:39.383793 [debug] [Thread-1 (]: Using mysql connection "model.DBT_QUESTPL.my_first_dbt_model"
[0m23:36:39.383931 [debug] [Thread-1 (]: On model.DBT_QUESTPL.my_first_dbt_model: BEGIN
[0m23:36:39.384064 [debug] [Thread-1 (]: Opening a new connection, currently in state closed
[0m23:36:39.388748 [debug] [Thread-1 (]: SQL status: SUCCESS 0 in 0.0 seconds
[0m23:36:39.388885 [debug] [Thread-1 (]: Using mysql connection "model.DBT_QUESTPL.my_first_dbt_model"
[0m23:36:39.389023 [debug] [Thread-1 (]: On model.DBT_QUESTPL.my_first_dbt_model: /* {"app": "dbt", "dbt_version": "1.7.19", "profile_name": "DBT_QUESTPL", "target_name": "dev", "node_id": "model.DBT_QUESTPL.my_first_dbt_model"} */

  
    

  create  table
    `my_dbt_db`.`my_first_dbt_model__dbt_tmp`
    
    
      as
    
    (
      /*
    Welcome to your first dbt model!
    Did you know that you can also configure models directly within SQL files?
    This will override configurations stated in dbt_project.yml

    Try changing "table" to "view" below
*/



with source_data as (

    select 1 as id
    union all
    select null as id

)

select *
from source_data

/*
    Uncomment the line below to remove records with null `id` values
*/

-- where id is not null
    )

  
[0m23:36:39.396231 [debug] [Thread-1 (]: SQL status: SUCCESS 2 in 0.0 seconds
[0m23:36:39.398800 [debug] [Thread-1 (]: Using mysql connection "model.DBT_QUESTPL.my_first_dbt_model"
[0m23:36:39.398945 [debug] [Thread-1 (]: On model.DBT_QUESTPL.my_first_dbt_model: /* {"app": "dbt", "dbt_version": "1.7.19", "profile_name": "DBT_QUESTPL", "target_name": "dev", "node_id": "model.DBT_QUESTPL.my_first_dbt_model"} */

    drop table if exists `my_dbt_db`.`my_first_dbt_model__dbt_backup` cascade
  
[0m23:36:39.399904 [debug] [Thread-1 (]: SQL status: SUCCESS 0 in 0.0 seconds
[0m23:36:39.400318 [debug] [Thread-1 (]: Using mysql connection "model.DBT_QUESTPL.my_first_dbt_model"
[0m23:36:39.400448 [debug] [Thread-1 (]: On model.DBT_QUESTPL.my_first_dbt_model: /* {"app": "dbt", "dbt_version": "1.7.19", "profile_name": "DBT_QUESTPL", "target_name": "dev", "node_id": "model.DBT_QUESTPL.my_first_dbt_model"} */

    rename table `my_dbt_db`.`my_first_dbt_model` to `my_dbt_db`.`my_first_dbt_model__dbt_backup`
  
[0m23:36:39.405308 [debug] [Thread-1 (]: SQL status: SUCCESS 0 in 0.0 seconds
[0m23:36:39.406390 [debug] [Thread-1 (]: Using mysql connection "model.DBT_QUESTPL.my_first_dbt_model"
[0m23:36:39.406525 [debug] [Thread-1 (]: On model.DBT_QUESTPL.my_first_dbt_model: /* {"app": "dbt", "dbt_version": "1.7.19", "profile_name": "DBT_QUESTPL", "target_name": "dev", "node_id": "model.DBT_QUESTPL.my_first_dbt_model"} */

    drop table if exists `my_dbt_db`.`my_first_dbt_model` cascade
  
[0m23:36:39.407300 [debug] [Thread-1 (]: SQL status: SUCCESS 0 in 0.0 seconds
[0m23:36:39.407680 [debug] [Thread-1 (]: Using mysql connection "model.DBT_QUESTPL.my_first_dbt_model"
[0m23:36:39.407814 [debug] [Thread-1 (]: On model.DBT_QUESTPL.my_first_dbt_model: /* {"app": "dbt", "dbt_version": "1.7.19", "profile_name": "DBT_QUESTPL", "target_name": "dev", "node_id": "model.DBT_QUESTPL.my_first_dbt_model"} */

    rename table `my_dbt_db`.`my_first_dbt_model__dbt_tmp` to `my_dbt_db`.`my_first_dbt_model`
  
[0m23:36:39.412782 [debug] [Thread-1 (]: SQL status: SUCCESS 0 in 0.0 seconds
[0m23:36:39.420411 [debug] [Thread-1 (]: On model.DBT_QUESTPL.my_first_dbt_model: COMMIT
[0m23:36:39.420580 [debug] [Thread-1 (]: Using mysql connection "model.DBT_QUESTPL.my_first_dbt_model"
[0m23:36:39.420713 [debug] [Thread-1 (]: On model.DBT_QUESTPL.my_first_dbt_model: COMMIT
[0m23:36:39.420993 [debug] [Thread-1 (]: SQL status: SUCCESS 0 in 0.0 seconds
[0m23:36:39.422714 [debug] [Thread-1 (]: Using mysql connection "model.DBT_QUESTPL.my_first_dbt_model"
[0m23:36:39.422909 [debug] [Thread-1 (]: On model.DBT_QUESTPL.my_first_dbt_model: /* {"app": "dbt", "dbt_version": "1.7.19", "profile_name": "DBT_QUESTPL", "target_name": "dev", "node_id": "model.DBT_QUESTPL.my_first_dbt_model"} */
drop table if exists `my_dbt_db`.`my_first_dbt_model__dbt_backup`
[0m23:36:39.425593 [debug] [Thread-1 (]: SQL status: SUCCESS 0 in 0.0 seconds
[0m23:36:39.426212 [debug] [Thread-1 (]: Timing info for model.DBT_QUESTPL.my_first_dbt_model (execute): 23:36:39.369332 => 23:36:39.426118
[0m23:36:39.426353 [debug] [Thread-1 (]: On model.DBT_QUESTPL.my_first_dbt_model: Close
[0m23:36:39.426689 [debug] [Thread-1 (]: Sending event: {'category': 'dbt', 'action': 'run_model', 'label': '390dfa42-f6ae-40ab-95a4-6d164ead6e64', 'context': [<snowplow_tracker.self_describing_json.SelfDescribingJson object at 0x104e82990>]}
[0m23:36:39.426915 [info ] [Thread-1 (]: 1 of 3 OK created sql table model my_dbt_db.my_first_dbt_model ................. [[32mSUCCESS 2[0m in 0.06s]
[0m23:36:39.427142 [debug] [Thread-1 (]: Finished running node model.DBT_QUESTPL.my_first_dbt_model
[0m23:36:39.427306 [debug] [Thread-1 (]: Began running node model.DBT_QUESTPL.stg_customers
[0m23:36:39.427532 [info ] [Thread-1 (]: 2 of 3 START sql view model my_dbt_db.stg_customers ............................ [RUN]
[0m23:36:39.427876 [debug] [Thread-1 (]: Re-using an available connection from the pool (formerly model.DBT_QUESTPL.my_first_dbt_model, now model.DBT_QUESTPL.stg_customers)
[0m23:36:39.428047 [debug] [Thread-1 (]: Began compiling node model.DBT_QUESTPL.stg_customers
[0m23:36:39.429019 [debug] [Thread-1 (]: Writing injected SQL for node "model.DBT_QUESTPL.stg_customers"
[0m23:36:39.429345 [debug] [Thread-1 (]: Timing info for model.DBT_QUESTPL.stg_customers (compile): 23:36:39.428135 => 23:36:39.429262
[0m23:36:39.429474 [debug] [Thread-1 (]: Began executing node model.DBT_QUESTPL.stg_customers
[0m23:36:39.436175 [debug] [Thread-1 (]: Writing runtime sql for node "model.DBT_QUESTPL.stg_customers"
[0m23:36:39.436434 [debug] [Thread-1 (]: Using mysql connection "model.DBT_QUESTPL.stg_customers"
[0m23:36:39.436559 [debug] [Thread-1 (]: On model.DBT_QUESTPL.stg_customers: BEGIN
[0m23:36:39.436678 [debug] [Thread-1 (]: Opening a new connection, currently in state closed
[0m23:36:39.441433 [debug] [Thread-1 (]: SQL status: SUCCESS 0 in 0.0 seconds
[0m23:36:39.441561 [debug] [Thread-1 (]: Using mysql connection "model.DBT_QUESTPL.stg_customers"
[0m23:36:39.441686 [debug] [Thread-1 (]: On model.DBT_QUESTPL.stg_customers: /* {"app": "dbt", "dbt_version": "1.7.19", "profile_name": "DBT_QUESTPL", "target_name": "dev", "node_id": "model.DBT_QUESTPL.stg_customers"} */

  create view `my_dbt_db`.`stg_customers__dbt_tmp`
    
    
  as (
    # CTE  Common  Table Expression
with source as (
    select * from `my_dbt_db`.`raw_customers`
),
renamed as (
    select
        id as customer_id,
        name as customer_name
    from source
)
select * from renamed
  );
[0m23:36:39.443944 [debug] [Thread-1 (]: SQL status: SUCCESS 0 in 0.0 seconds
[0m23:36:39.445076 [debug] [Thread-1 (]: Using mysql connection "model.DBT_QUESTPL.stg_customers"
[0m23:36:39.445200 [debug] [Thread-1 (]: On model.DBT_QUESTPL.stg_customers: /* {"app": "dbt", "dbt_version": "1.7.19", "profile_name": "DBT_QUESTPL", "target_name": "dev", "node_id": "model.DBT_QUESTPL.stg_customers"} */

    drop view if exists `my_dbt_db`.`stg_customers__dbt_backup` cascade
  
[0m23:36:39.445820 [debug] [Thread-1 (]: SQL status: SUCCESS 0 in 0.0 seconds
[0m23:36:39.446203 [debug] [Thread-1 (]: Using mysql connection "model.DBT_QUESTPL.stg_customers"
[0m23:36:39.446327 [debug] [Thread-1 (]: On model.DBT_QUESTPL.stg_customers: /* {"app": "dbt", "dbt_version": "1.7.19", "profile_name": "DBT_QUESTPL", "target_name": "dev", "node_id": "model.DBT_QUESTPL.stg_customers"} */

    rename table `my_dbt_db`.`stg_customers` to `my_dbt_db`.`stg_customers__dbt_backup`
  
[0m23:36:39.447596 [debug] [Thread-1 (]: SQL status: SUCCESS 0 in 0.0 seconds
[0m23:36:39.448663 [debug] [Thread-1 (]: Using mysql connection "model.DBT_QUESTPL.stg_customers"
[0m23:36:39.448788 [debug] [Thread-1 (]: On model.DBT_QUESTPL.stg_customers: /* {"app": "dbt", "dbt_version": "1.7.19", "profile_name": "DBT_QUESTPL", "target_name": "dev", "node_id": "model.DBT_QUESTPL.stg_customers"} */

    drop view if exists `my_dbt_db`.`stg_customers` cascade
  
[0m23:36:39.449382 [debug] [Thread-1 (]: SQL status: SUCCESS 0 in 0.0 seconds
[0m23:36:39.449704 [debug] [Thread-1 (]: Using mysql connection "model.DBT_QUESTPL.stg_customers"
[0m23:36:39.449826 [debug] [Thread-1 (]: On model.DBT_QUESTPL.stg_customers: /* {"app": "dbt", "dbt_version": "1.7.19", "profile_name": "DBT_QUESTPL", "target_name": "dev", "node_id": "model.DBT_QUESTPL.stg_customers"} */

    rename table `my_dbt_db`.`stg_customers__dbt_tmp` to `my_dbt_db`.`stg_customers`
  
[0m23:36:39.451257 [debug] [Thread-1 (]: SQL status: SUCCESS 0 in 0.0 seconds
[0m23:36:39.451934 [debug] [Thread-1 (]: On model.DBT_QUESTPL.stg_customers: COMMIT
[0m23:36:39.452055 [debug] [Thread-1 (]: Using mysql connection "model.DBT_QUESTPL.stg_customers"
[0m23:36:39.452168 [debug] [Thread-1 (]: On model.DBT_QUESTPL.stg_customers: COMMIT
[0m23:36:39.452415 [debug] [Thread-1 (]: SQL status: SUCCESS 0 in 0.0 seconds
[0m23:36:39.453258 [debug] [Thread-1 (]: Using mysql connection "model.DBT_QUESTPL.stg_customers"
[0m23:36:39.453381 [debug] [Thread-1 (]: On model.DBT_QUESTPL.stg_customers: /* {"app": "dbt", "dbt_version": "1.7.19", "profile_name": "DBT_QUESTPL", "target_name": "dev", "node_id": "model.DBT_QUESTPL.stg_customers"} */
drop view if exists `my_dbt_db`.`stg_customers__dbt_backup`
[0m23:36:39.455993 [debug] [Thread-1 (]: SQL status: SUCCESS 0 in 0.0 seconds
[0m23:36:39.456458 [debug] [Thread-1 (]: Timing info for model.DBT_QUESTPL.stg_customers (execute): 23:36:39.429551 => 23:36:39.456383
[0m23:36:39.456586 [debug] [Thread-1 (]: On model.DBT_QUESTPL.stg_customers: Close
[0m23:36:39.456896 [debug] [Thread-1 (]: Sending event: {'category': 'dbt', 'action': 'run_model', 'label': '390dfa42-f6ae-40ab-95a4-6d164ead6e64', 'context': [<snowplow_tracker.self_describing_json.SelfDescribingJson object at 0x10503ce90>]}
[0m23:36:39.457105 [info ] [Thread-1 (]: 2 of 3 OK created sql view model my_dbt_db.stg_customers ....................... [[32mSUCCESS 0[0m in 0.03s]
[0m23:36:39.457327 [debug] [Thread-1 (]: Finished running node model.DBT_QUESTPL.stg_customers
[0m23:36:39.457474 [debug] [Thread-1 (]: Began running node model.DBT_QUESTPL.my_second_dbt_model
[0m23:36:39.457660 [info ] [Thread-1 (]: 3 of 3 START sql view model my_dbt_db.my_second_dbt_model ...................... [RUN]
[0m23:36:39.457938 [debug] [Thread-1 (]: Re-using an available connection from the pool (formerly model.DBT_QUESTPL.stg_customers, now model.DBT_QUESTPL.my_second_dbt_model)
[0m23:36:39.458081 [debug] [Thread-1 (]: Began compiling node model.DBT_QUESTPL.my_second_dbt_model
[0m23:36:39.459136 [debug] [Thread-1 (]: Writing injected SQL for node "model.DBT_QUESTPL.my_second_dbt_model"
[0m23:36:39.459452 [debug] [Thread-1 (]: Timing info for model.DBT_QUESTPL.my_second_dbt_model (compile): 23:36:39.458166 => 23:36:39.459375
[0m23:36:39.459580 [debug] [Thread-1 (]: Began executing node model.DBT_QUESTPL.my_second_dbt_model
[0m23:36:39.461639 [debug] [Thread-1 (]: Writing runtime sql for node "model.DBT_QUESTPL.my_second_dbt_model"
[0m23:36:39.461870 [debug] [Thread-1 (]: Using mysql connection "model.DBT_QUESTPL.my_second_dbt_model"
[0m23:36:39.462004 [debug] [Thread-1 (]: On model.DBT_QUESTPL.my_second_dbt_model: BEGIN
[0m23:36:39.462147 [debug] [Thread-1 (]: Opening a new connection, currently in state closed
[0m23:36:39.465967 [debug] [Thread-1 (]: SQL status: SUCCESS 0 in 0.0 seconds
[0m23:36:39.466098 [debug] [Thread-1 (]: Using mysql connection "model.DBT_QUESTPL.my_second_dbt_model"
[0m23:36:39.466220 [debug] [Thread-1 (]: On model.DBT_QUESTPL.my_second_dbt_model: /* {"app": "dbt", "dbt_version": "1.7.19", "profile_name": "DBT_QUESTPL", "target_name": "dev", "node_id": "model.DBT_QUESTPL.my_second_dbt_model"} */

  create view `my_dbt_db`.`my_second_dbt_model__dbt_tmp`
    
    
  as (
    -- Use the `ref` function to select from other models

select *
from `my_dbt_db`.`my_first_dbt_model`
where id = 1
  );
[0m23:36:39.468112 [debug] [Thread-1 (]: SQL status: SUCCESS 0 in 0.0 seconds
[0m23:36:39.469222 [debug] [Thread-1 (]: Using mysql connection "model.DBT_QUESTPL.my_second_dbt_model"
[0m23:36:39.469349 [debug] [Thread-1 (]: On model.DBT_QUESTPL.my_second_dbt_model: /* {"app": "dbt", "dbt_version": "1.7.19", "profile_name": "DBT_QUESTPL", "target_name": "dev", "node_id": "model.DBT_QUESTPL.my_second_dbt_model"} */

    drop view if exists `my_dbt_db`.`my_second_dbt_model__dbt_backup` cascade
  
[0m23:36:39.469909 [debug] [Thread-1 (]: SQL status: SUCCESS 0 in 0.0 seconds
[0m23:36:39.470241 [debug] [Thread-1 (]: Using mysql connection "model.DBT_QUESTPL.my_second_dbt_model"
[0m23:36:39.470367 [debug] [Thread-1 (]: On model.DBT_QUESTPL.my_second_dbt_model: /* {"app": "dbt", "dbt_version": "1.7.19", "profile_name": "DBT_QUESTPL", "target_name": "dev", "node_id": "model.DBT_QUESTPL.my_second_dbt_model"} */

    rename table `my_dbt_db`.`my_second_dbt_model` to `my_dbt_db`.`my_second_dbt_model__dbt_backup`
  
[0m23:36:39.471697 [debug] [Thread-1 (]: SQL status: SUCCESS 0 in 0.0 seconds
[0m23:36:39.472653 [debug] [Thread-1 (]: Using mysql connection "model.DBT_QUESTPL.my_second_dbt_model"
[0m23:36:39.472778 [debug] [Thread-1 (]: On model.DBT_QUESTPL.my_second_dbt_model: /* {"app": "dbt", "dbt_version": "1.7.19", "profile_name": "DBT_QUESTPL", "target_name": "dev", "node_id": "model.DBT_QUESTPL.my_second_dbt_model"} */

    drop view if exists `my_dbt_db`.`my_second_dbt_model` cascade
  
[0m23:36:39.473363 [debug] [Thread-1 (]: SQL status: SUCCESS 0 in 0.0 seconds
[0m23:36:39.473687 [debug] [Thread-1 (]: Using mysql connection "model.DBT_QUESTPL.my_second_dbt_model"
[0m23:36:39.473813 [debug] [Thread-1 (]: On model.DBT_QUESTPL.my_second_dbt_model: /* {"app": "dbt", "dbt_version": "1.7.19", "profile_name": "DBT_QUESTPL", "target_name": "dev", "node_id": "model.DBT_QUESTPL.my_second_dbt_model"} */

    rename table `my_dbt_db`.`my_second_dbt_model__dbt_tmp` to `my_dbt_db`.`my_second_dbt_model`
  
[0m23:36:39.475319 [debug] [Thread-1 (]: SQL status: SUCCESS 0 in 0.0 seconds
[0m23:36:39.475957 [debug] [Thread-1 (]: On model.DBT_QUESTPL.my_second_dbt_model: COMMIT
[0m23:36:39.476079 [debug] [Thread-1 (]: Using mysql connection "model.DBT_QUESTPL.my_second_dbt_model"
[0m23:36:39.476196 [debug] [Thread-1 (]: On model.DBT_QUESTPL.my_second_dbt_model: COMMIT
[0m23:36:39.476444 [debug] [Thread-1 (]: SQL status: SUCCESS 0 in 0.0 seconds
[0m23:36:39.477276 [debug] [Thread-1 (]: Using mysql connection "model.DBT_QUESTPL.my_second_dbt_model"
[0m23:36:39.477400 [debug] [Thread-1 (]: On model.DBT_QUESTPL.my_second_dbt_model: /* {"app": "dbt", "dbt_version": "1.7.19", "profile_name": "DBT_QUESTPL", "target_name": "dev", "node_id": "model.DBT_QUESTPL.my_second_dbt_model"} */
drop view if exists `my_dbt_db`.`my_second_dbt_model__dbt_backup`
[0m23:36:39.478243 [debug] [Thread-1 (]: SQL status: SUCCESS 0 in 0.0 seconds
[0m23:36:39.478717 [debug] [Thread-1 (]: Timing info for model.DBT_QUESTPL.my_second_dbt_model (execute): 23:36:39.459656 => 23:36:39.478628
[0m23:36:39.478844 [debug] [Thread-1 (]: On model.DBT_QUESTPL.my_second_dbt_model: Close
[0m23:36:39.479146 [debug] [Thread-1 (]: Sending event: {'category': 'dbt', 'action': 'run_model', 'label': '390dfa42-f6ae-40ab-95a4-6d164ead6e64', 'context': [<snowplow_tracker.self_describing_json.SelfDescribingJson object at 0x1050b50d0>]}
[0m23:36:39.479391 [info ] [Thread-1 (]: 3 of 3 OK created sql view model my_dbt_db.my_second_dbt_model ................. [[32mSUCCESS 0[0m in 0.02s]
[0m23:36:39.479600 [debug] [Thread-1 (]: Finished running node model.DBT_QUESTPL.my_second_dbt_model
[0m23:36:39.480154 [debug] [MainThread]: Using mysql connection "master"
[0m23:36:39.480273 [debug] [MainThread]: On master: BEGIN
[0m23:36:39.480388 [debug] [MainThread]: Opening a new connection, currently in state closed
[0m23:36:39.484903 [debug] [MainThread]: SQL status: SUCCESS 0 in 0.0 seconds
[0m23:36:39.485045 [debug] [MainThread]: On master: COMMIT
[0m23:36:39.485159 [debug] [MainThread]: Using mysql connection "master"
[0m23:36:39.485268 [debug] [MainThread]: On master: COMMIT
[0m23:36:39.485526 [debug] [MainThread]: SQL status: SUCCESS 0 in 0.0 seconds
[0m23:36:39.485638 [debug] [MainThread]: On master: Close
[0m23:36:39.485919 [debug] [MainThread]: Connection 'master' was properly closed.
[0m23:36:39.486042 [debug] [MainThread]: Connection 'model.DBT_QUESTPL.my_second_dbt_model' was properly closed.
[0m23:36:39.486178 [info ] [MainThread]: 
[0m23:36:39.486311 [info ] [MainThread]: Finished running 1 table model, 2 view models in 0 hours 0 minutes and 0.16 seconds (0.16s).
[0m23:36:39.486633 [debug] [MainThread]: Command end result
[0m23:36:39.489300 [info ] [MainThread]: 
[0m23:36:39.489451 [info ] [MainThread]: [32mCompleted successfully[0m
[0m23:36:39.489576 [info ] [MainThread]: 
[0m23:36:39.489704 [info ] [MainThread]: Done. PASS=3 WARN=0 ERROR=0 SKIP=0 TOTAL=3
[0m23:36:39.490356 [debug] [MainThread]: Resource report: {"command_name": "run", "command_success": true, "command_wall_clock_time": 0.27291355, "process_user_time": 0.827589, "process_kernel_time": 0.077152, "process_mem_max_rss": "114147328", "process_in_blocks": "0", "process_out_blocks": "0"}
[0m23:36:39.490515 [debug] [MainThread]: Command `dbt run` succeeded at 23:36:39.490469 after 0.27 seconds
[0m23:36:39.490658 [debug] [MainThread]: Sending event: {'category': 'dbt', 'action': 'invocation', 'label': 'end', 'context': [<snowplow_tracker.self_describing_json.SelfDescribingJson object at 0x1045ef770>, <snowplow_tracker.self_describing_json.SelfDescribingJson object at 0x1049f3c20>, <snowplow_tracker.self_describing_json.SelfDescribingJson object at 0x104356540>]}
[0m23:36:39.490793 [debug] [MainThread]: Flushing usage events
[0m00:01:31.452652 [debug] [MainThread]: Sending event: {'category': 'dbt', 'action': 'invocation', 'label': 'start', 'context': [<snowplow_tracker.self_describing_json.SelfDescribingJson object at 0x106660d10>, <snowplow_tracker.self_describing_json.SelfDescribingJson object at 0x1061b6c30>, <snowplow_tracker.self_describing_json.SelfDescribingJson object at 0x106693aa0>]}


============================== 00:01:31.454208 | 258c3839-c4d5-48f7-a335-c36582284370 ==============================
[0m00:01:31.454208 [info ] [MainThread]: Running with dbt=1.7.19
[0m00:01:31.454460 [debug] [MainThread]: running dbt with arguments {'printer_width': '80', 'indirect_selection': 'eager', 'write_json': 'True', 'log_cache_events': 'False', 'partial_parse': 'True', 'cache_selected_only': 'False', 'warn_error': 'None', 'debug': 'False', 'profiles_dir': '/Users/claetiane/Documents/VSCode/dbt_questpl', 'log_path': '/Users/claetiane/Documents/VSCode/dbt_questpl/logs', 'version_check': 'True', 'fail_fast': 'False', 'use_colors': 'True', 'use_experimental_parser': 'False', 'no_print': 'None', 'quiet': 'False', 'log_format': 'default', 'invocation_command': 'dbt run', 'introspect': 'True', 'warn_error_options': 'WarnErrorOptions(include=[], exclude=[])', 'target_path': 'None', 'static_parser': 'True', 'send_anonymous_usage_stats': 'True'}
[0m00:01:31.508027 [debug] [MainThread]: Sending event: {'category': 'dbt', 'action': 'project_id', 'label': '258c3839-c4d5-48f7-a335-c36582284370', 'context': [<snowplow_tracker.self_describing_json.SelfDescribingJson object at 0x1067af1a0>]}
[0m00:01:31.525640 [debug] [MainThread]: Sending event: {'category': 'dbt', 'action': 'adapter_info', 'label': '258c3839-c4d5-48f7-a335-c36582284370', 'context': [<snowplow_tracker.self_describing_json.SelfDescribingJson object at 0x1062a88c0>]}
[0m00:01:31.525934 [info ] [MainThread]: Registered adapter: mysql=1.7.0
[0m00:01:31.531459 [debug] [MainThread]: checksum: a8d43cdff37d0f32d7fbe4c5c25bea4bb6c86e162f8ce8fdb1a38cdcf7495431, vars: {}, profile: , target: , version: 1.7.19
[0m00:01:31.543024 [debug] [MainThread]: Partial parsing enabled: 0 files deleted, 2 files added, 0 files changed.
[0m00:01:31.543317 [debug] [MainThread]: Partial parsing: added file: DBT_QUESTPL://models/staging/stg_orders.yml
[0m00:01:31.543461 [debug] [MainThread]: Partial parsing: added file: DBT_QUESTPL://models/staging/ stg_orders.sql
[0m00:01:31.590804 [debug] [MainThread]: Sending event: {'category': 'dbt', 'action': 'load_project', 'label': '258c3839-c4d5-48f7-a335-c36582284370', 'context': [<snowplow_tracker.self_describing_json.SelfDescribingJson object at 0x106c53320>]}
[0m00:01:31.594779 [debug] [MainThread]: Sending event: {'category': 'dbt', 'action': 'resource_counts', 'label': '258c3839-c4d5-48f7-a335-c36582284370', 'context': [<snowplow_tracker.self_describing_json.SelfDescribingJson object at 0x106d53890>]}
[0m00:01:31.594973 [info ] [MainThread]: Found 4 models, 4 tests, 1 source, 0 exposures, 0 metrics, 387 macros, 0 groups, 0 semantic models
[0m00:01:31.595125 [debug] [MainThread]: Sending event: {'category': 'dbt', 'action': 'runnable_timing', 'label': '258c3839-c4d5-48f7-a335-c36582284370', 'context': [<snowplow_tracker.self_describing_json.SelfDescribingJson object at 0x106d52c90>]}
[0m00:01:31.595846 [info ] [MainThread]: 
[0m00:01:31.596152 [debug] [MainThread]: Acquiring new mysql connection 'master'
[0m00:01:31.596591 [debug] [ThreadPool]: Acquiring new mysql connection 'list_schemas'
[0m00:01:31.600060 [debug] [ThreadPool]: Using mysql connection "list_schemas"
[0m00:01:31.600196 [debug] [ThreadPool]: On list_schemas: /* {"app": "dbt", "dbt_version": "1.7.19", "profile_name": "DBT_QUESTPL", "target_name": "dev", "connection_name": "list_schemas"} */
select distinct schema_name
        from information_schema.schemata
[0m00:01:31.600328 [debug] [ThreadPool]: Opening a new connection, currently in state init
[0m00:01:31.613642 [debug] [ThreadPool]: SQL status: SUCCESS 6 in 0.0 seconds
[0m00:01:31.614390 [debug] [ThreadPool]: On list_schemas: Close
[0m00:01:31.615038 [debug] [ThreadPool]: Re-using an available connection from the pool (formerly list_schemas, now list_None_my_dbt_db)
[0m00:01:31.617019 [debug] [ThreadPool]: Using mysql connection "list_None_my_dbt_db"
[0m00:01:31.617158 [debug] [ThreadPool]: On list_None_my_dbt_db: BEGIN
[0m00:01:31.617265 [debug] [ThreadPool]: Opening a new connection, currently in state closed
[0m00:01:31.622769 [debug] [ThreadPool]: SQL status: SUCCESS 0 in 0.0 seconds
[0m00:01:31.622893 [debug] [ThreadPool]: Using mysql connection "list_None_my_dbt_db"
[0m00:01:31.623012 [debug] [ThreadPool]: On list_None_my_dbt_db: /* {"app": "dbt", "dbt_version": "1.7.19", "profile_name": "DBT_QUESTPL", "target_name": "dev", "connection_name": "list_None_my_dbt_db"} */
select
      null as "database",
      table_name as name,
      table_schema as "schema",
      case when table_type = 'BASE TABLE' then 'table'
           when table_type = 'VIEW' then 'view'
           else table_type
      end as table_type
    from information_schema.tables
    where table_schema = 'my_dbt_db'
  
[0m00:01:31.624941 [debug] [ThreadPool]: SQL status: SUCCESS 9 in 0.0 seconds
[0m00:01:31.625510 [debug] [ThreadPool]: On list_None_my_dbt_db: ROLLBACK
[0m00:01:31.625749 [debug] [ThreadPool]: On list_None_my_dbt_db: Close
[0m00:01:31.626574 [debug] [MainThread]: Sending event: {'category': 'dbt', 'action': 'runnable_timing', 'label': '258c3839-c4d5-48f7-a335-c36582284370', 'context': [<snowplow_tracker.self_describing_json.SelfDescribingJson object at 0x106c8ef30>]}
[0m00:01:31.626741 [debug] [MainThread]: Using mysql connection "master"
[0m00:01:31.626848 [debug] [MainThread]: On master: BEGIN
[0m00:01:31.626954 [debug] [MainThread]: Opening a new connection, currently in state init
[0m00:01:31.633144 [debug] [MainThread]: SQL status: SUCCESS 0 in 0.0 seconds
[0m00:01:31.633259 [debug] [MainThread]: On master: COMMIT
[0m00:01:31.633362 [debug] [MainThread]: Using mysql connection "master"
[0m00:01:31.633462 [debug] [MainThread]: On master: COMMIT
[0m00:01:31.633768 [debug] [MainThread]: SQL status: SUCCESS 0 in 0.0 seconds
[0m00:01:31.633883 [debug] [MainThread]: On master: Close
[0m00:01:31.634134 [info ] [MainThread]: Concurrency: 1 threads (target='dev')
[0m00:01:31.634266 [info ] [MainThread]: 
[0m00:01:31.635055 [debug] [Thread-1 (]: Began running node model.DBT_QUESTPL.my_first_dbt_model
[0m00:01:31.635241 [info ] [Thread-1 (]: 1 of 3 START sql table model my_dbt_db.my_first_dbt_model ...................... [RUN]
[0m00:01:31.635493 [debug] [Thread-1 (]: Re-using an available connection from the pool (formerly list_None_my_dbt_db, now model.DBT_QUESTPL.my_first_dbt_model)
[0m00:01:31.635625 [debug] [Thread-1 (]: Began compiling node model.DBT_QUESTPL.my_first_dbt_model
[0m00:01:31.638443 [debug] [Thread-1 (]: Writing injected SQL for node "model.DBT_QUESTPL.my_first_dbt_model"
[0m00:01:31.638780 [debug] [Thread-1 (]: Timing info for model.DBT_QUESTPL.my_first_dbt_model (compile): 00:01:31.635710 => 00:01:31.638694
[0m00:01:31.638914 [debug] [Thread-1 (]: Began executing node model.DBT_QUESTPL.my_first_dbt_model
[0m00:01:31.651686 [debug] [Thread-1 (]: Writing runtime sql for node "model.DBT_QUESTPL.my_first_dbt_model"
[0m00:01:31.652073 [debug] [Thread-1 (]: Using mysql connection "model.DBT_QUESTPL.my_first_dbt_model"
[0m00:01:31.652210 [debug] [Thread-1 (]: On model.DBT_QUESTPL.my_first_dbt_model: BEGIN
[0m00:01:31.652332 [debug] [Thread-1 (]: Opening a new connection, currently in state closed
[0m00:01:31.657138 [debug] [Thread-1 (]: SQL status: SUCCESS 0 in 0.0 seconds
[0m00:01:31.657314 [debug] [Thread-1 (]: Using mysql connection "model.DBT_QUESTPL.my_first_dbt_model"
[0m00:01:31.657461 [debug] [Thread-1 (]: On model.DBT_QUESTPL.my_first_dbt_model: /* {"app": "dbt", "dbt_version": "1.7.19", "profile_name": "DBT_QUESTPL", "target_name": "dev", "node_id": "model.DBT_QUESTPL.my_first_dbt_model"} */

  
    

  create  table
    `my_dbt_db`.`my_first_dbt_model__dbt_tmp`
    
    
      as
    
    (
      /*
    Welcome to your first dbt model!
    Did you know that you can also configure models directly within SQL files?
    This will override configurations stated in dbt_project.yml

    Try changing "table" to "view" below
*/



with source_data as (

    select 1 as id
    union all
    select null as id

)

select *
from source_data

/*
    Uncomment the line below to remove records with null `id` values
*/

-- where id is not null
    )

  
[0m00:01:31.665305 [debug] [Thread-1 (]: SQL status: SUCCESS 2 in 0.0 seconds
[0m00:01:31.667945 [debug] [Thread-1 (]: Using mysql connection "model.DBT_QUESTPL.my_first_dbt_model"
[0m00:01:31.668094 [debug] [Thread-1 (]: On model.DBT_QUESTPL.my_first_dbt_model: /* {"app": "dbt", "dbt_version": "1.7.19", "profile_name": "DBT_QUESTPL", "target_name": "dev", "node_id": "model.DBT_QUESTPL.my_first_dbt_model"} */

    drop table if exists `my_dbt_db`.`my_first_dbt_model__dbt_backup` cascade
  
[0m00:01:31.669061 [debug] [Thread-1 (]: SQL status: SUCCESS 0 in 0.0 seconds
[0m00:01:31.669487 [debug] [Thread-1 (]: Using mysql connection "model.DBT_QUESTPL.my_first_dbt_model"
[0m00:01:31.669621 [debug] [Thread-1 (]: On model.DBT_QUESTPL.my_first_dbt_model: /* {"app": "dbt", "dbt_version": "1.7.19", "profile_name": "DBT_QUESTPL", "target_name": "dev", "node_id": "model.DBT_QUESTPL.my_first_dbt_model"} */

    rename table `my_dbt_db`.`my_first_dbt_model` to `my_dbt_db`.`my_first_dbt_model__dbt_backup`
  
[0m00:01:31.673845 [debug] [Thread-1 (]: SQL status: SUCCESS 0 in 0.0 seconds
[0m00:01:31.674972 [debug] [Thread-1 (]: Using mysql connection "model.DBT_QUESTPL.my_first_dbt_model"
[0m00:01:31.675104 [debug] [Thread-1 (]: On model.DBT_QUESTPL.my_first_dbt_model: /* {"app": "dbt", "dbt_version": "1.7.19", "profile_name": "DBT_QUESTPL", "target_name": "dev", "node_id": "model.DBT_QUESTPL.my_first_dbt_model"} */

    drop table if exists `my_dbt_db`.`my_first_dbt_model` cascade
  
[0m00:01:31.675736 [debug] [Thread-1 (]: SQL status: SUCCESS 0 in 0.0 seconds
[0m00:01:31.676088 [debug] [Thread-1 (]: Using mysql connection "model.DBT_QUESTPL.my_first_dbt_model"
[0m00:01:31.676218 [debug] [Thread-1 (]: On model.DBT_QUESTPL.my_first_dbt_model: /* {"app": "dbt", "dbt_version": "1.7.19", "profile_name": "DBT_QUESTPL", "target_name": "dev", "node_id": "model.DBT_QUESTPL.my_first_dbt_model"} */

    rename table `my_dbt_db`.`my_first_dbt_model__dbt_tmp` to `my_dbt_db`.`my_first_dbt_model`
  
[0m00:01:31.680113 [debug] [Thread-1 (]: SQL status: SUCCESS 0 in 0.0 seconds
[0m00:01:31.687448 [debug] [Thread-1 (]: On model.DBT_QUESTPL.my_first_dbt_model: COMMIT
[0m00:01:31.687599 [debug] [Thread-1 (]: Using mysql connection "model.DBT_QUESTPL.my_first_dbt_model"
[0m00:01:31.687727 [debug] [Thread-1 (]: On model.DBT_QUESTPL.my_first_dbt_model: COMMIT
[0m00:01:31.687989 [debug] [Thread-1 (]: SQL status: SUCCESS 0 in 0.0 seconds
[0m00:01:31.690289 [debug] [Thread-1 (]: Using mysql connection "model.DBT_QUESTPL.my_first_dbt_model"
[0m00:01:31.690425 [debug] [Thread-1 (]: On model.DBT_QUESTPL.my_first_dbt_model: /* {"app": "dbt", "dbt_version": "1.7.19", "profile_name": "DBT_QUESTPL", "target_name": "dev", "node_id": "model.DBT_QUESTPL.my_first_dbt_model"} */
drop table if exists `my_dbt_db`.`my_first_dbt_model__dbt_backup`
[0m00:01:31.692662 [debug] [Thread-1 (]: SQL status: SUCCESS 0 in 0.0 seconds
[0m00:01:31.693235 [debug] [Thread-1 (]: Timing info for model.DBT_QUESTPL.my_first_dbt_model (execute): 00:01:31.638992 => 00:01:31.693149
[0m00:01:31.693374 [debug] [Thread-1 (]: On model.DBT_QUESTPL.my_first_dbt_model: Close
[0m00:01:31.693693 [debug] [Thread-1 (]: Sending event: {'category': 'dbt', 'action': 'run_model', 'label': '258c3839-c4d5-48f7-a335-c36582284370', 'context': [<snowplow_tracker.self_describing_json.SelfDescribingJson object at 0x105f83080>]}
[0m00:01:31.693916 [info ] [Thread-1 (]: 1 of 3 OK created sql table model my_dbt_db.my_first_dbt_model ................. [[32mSUCCESS 2[0m in 0.06s]
[0m00:01:31.694141 [debug] [Thread-1 (]: Finished running node model.DBT_QUESTPL.my_first_dbt_model
[0m00:01:31.694305 [debug] [Thread-1 (]: Began running node model.DBT_QUESTPL.stg_customers
[0m00:01:31.694518 [info ] [Thread-1 (]: 2 of 3 START sql view model my_dbt_db.stg_customers ............................ [RUN]
[0m00:01:31.694824 [debug] [Thread-1 (]: Re-using an available connection from the pool (formerly model.DBT_QUESTPL.my_first_dbt_model, now model.DBT_QUESTPL.stg_customers)
[0m00:01:31.694962 [debug] [Thread-1 (]: Began compiling node model.DBT_QUESTPL.stg_customers
[0m00:01:31.695884 [debug] [Thread-1 (]: Writing injected SQL for node "model.DBT_QUESTPL.stg_customers"
[0m00:01:31.696161 [debug] [Thread-1 (]: Timing info for model.DBT_QUESTPL.stg_customers (compile): 00:01:31.695044 => 00:01:31.696089
[0m00:01:31.696283 [debug] [Thread-1 (]: Began executing node model.DBT_QUESTPL.stg_customers
[0m00:01:31.703421 [debug] [Thread-1 (]: Writing runtime sql for node "model.DBT_QUESTPL.stg_customers"
[0m00:01:31.703757 [debug] [Thread-1 (]: Using mysql connection "model.DBT_QUESTPL.stg_customers"
[0m00:01:31.703895 [debug] [Thread-1 (]: On model.DBT_QUESTPL.stg_customers: BEGIN
[0m00:01:31.704016 [debug] [Thread-1 (]: Opening a new connection, currently in state closed
[0m00:01:31.708764 [debug] [Thread-1 (]: SQL status: SUCCESS 0 in 0.0 seconds
[0m00:01:31.708900 [debug] [Thread-1 (]: Using mysql connection "model.DBT_QUESTPL.stg_customers"
[0m00:01:31.709028 [debug] [Thread-1 (]: On model.DBT_QUESTPL.stg_customers: /* {"app": "dbt", "dbt_version": "1.7.19", "profile_name": "DBT_QUESTPL", "target_name": "dev", "node_id": "model.DBT_QUESTPL.stg_customers"} */

  create view `my_dbt_db`.`stg_customers__dbt_tmp`
    
    
  as (
    # CTE  Common  Table Expression
with source as (
    select * from `my_dbt_db`.`raw_customers`
),
renamed as (
    select
        id as customer_id,
        name as customer_name
    from source
)
select * from renamed
  );
[0m00:01:31.710374 [debug] [Thread-1 (]: SQL status: SUCCESS 0 in 0.0 seconds
[0m00:01:31.711621 [debug] [Thread-1 (]: Using mysql connection "model.DBT_QUESTPL.stg_customers"
[0m00:01:31.711756 [debug] [Thread-1 (]: On model.DBT_QUESTPL.stg_customers: /* {"app": "dbt", "dbt_version": "1.7.19", "profile_name": "DBT_QUESTPL", "target_name": "dev", "node_id": "model.DBT_QUESTPL.stg_customers"} */

    drop view if exists `my_dbt_db`.`stg_customers__dbt_backup` cascade
  
[0m00:01:31.712636 [debug] [Thread-1 (]: SQL status: SUCCESS 0 in 0.0 seconds
[0m00:01:31.712999 [debug] [Thread-1 (]: Using mysql connection "model.DBT_QUESTPL.stg_customers"
[0m00:01:31.713128 [debug] [Thread-1 (]: On model.DBT_QUESTPL.stg_customers: /* {"app": "dbt", "dbt_version": "1.7.19", "profile_name": "DBT_QUESTPL", "target_name": "dev", "node_id": "model.DBT_QUESTPL.stg_customers"} */

    rename table `my_dbt_db`.`stg_customers` to `my_dbt_db`.`stg_customers__dbt_backup`
  
[0m00:01:31.714442 [debug] [Thread-1 (]: SQL status: SUCCESS 0 in 0.0 seconds
[0m00:01:31.715470 [debug] [Thread-1 (]: Using mysql connection "model.DBT_QUESTPL.stg_customers"
[0m00:01:31.715597 [debug] [Thread-1 (]: On model.DBT_QUESTPL.stg_customers: /* {"app": "dbt", "dbt_version": "1.7.19", "profile_name": "DBT_QUESTPL", "target_name": "dev", "node_id": "model.DBT_QUESTPL.stg_customers"} */

    drop view if exists `my_dbt_db`.`stg_customers` cascade
  
[0m00:01:31.716177 [debug] [Thread-1 (]: SQL status: SUCCESS 0 in 0.0 seconds
[0m00:01:31.716505 [debug] [Thread-1 (]: Using mysql connection "model.DBT_QUESTPL.stg_customers"
[0m00:01:31.716629 [debug] [Thread-1 (]: On model.DBT_QUESTPL.stg_customers: /* {"app": "dbt", "dbt_version": "1.7.19", "profile_name": "DBT_QUESTPL", "target_name": "dev", "node_id": "model.DBT_QUESTPL.stg_customers"} */

    rename table `my_dbt_db`.`stg_customers__dbt_tmp` to `my_dbt_db`.`stg_customers`
  
[0m00:01:31.718414 [debug] [Thread-1 (]: SQL status: SUCCESS 0 in 0.0 seconds
[0m00:01:31.719068 [debug] [Thread-1 (]: On model.DBT_QUESTPL.stg_customers: COMMIT
[0m00:01:31.719194 [debug] [Thread-1 (]: Using mysql connection "model.DBT_QUESTPL.stg_customers"
[0m00:01:31.719310 [debug] [Thread-1 (]: On model.DBT_QUESTPL.stg_customers: COMMIT
[0m00:01:31.719592 [debug] [Thread-1 (]: SQL status: SUCCESS 0 in 0.0 seconds
[0m00:01:31.720523 [debug] [Thread-1 (]: Using mysql connection "model.DBT_QUESTPL.stg_customers"
[0m00:01:31.720661 [debug] [Thread-1 (]: On model.DBT_QUESTPL.stg_customers: /* {"app": "dbt", "dbt_version": "1.7.19", "profile_name": "DBT_QUESTPL", "target_name": "dev", "node_id": "model.DBT_QUESTPL.stg_customers"} */
drop view if exists `my_dbt_db`.`stg_customers__dbt_backup`
[0m00:01:31.721824 [debug] [Thread-1 (]: SQL status: SUCCESS 0 in 0.0 seconds
[0m00:01:31.722368 [debug] [Thread-1 (]: Timing info for model.DBT_QUESTPL.stg_customers (execute): 00:01:31.696357 => 00:01:31.722288
[0m00:01:31.722497 [debug] [Thread-1 (]: On model.DBT_QUESTPL.stg_customers: Close
[0m00:01:31.722794 [debug] [Thread-1 (]: Sending event: {'category': 'dbt', 'action': 'run_model', 'label': '258c3839-c4d5-48f7-a335-c36582284370', 'context': [<snowplow_tracker.self_describing_json.SelfDescribingJson object at 0x1069f0ad0>]}
[0m00:01:31.723007 [info ] [Thread-1 (]: 2 of 3 OK created sql view model my_dbt_db.stg_customers ....................... [[32mSUCCESS 0[0m in 0.03s]
[0m00:01:31.723223 [debug] [Thread-1 (]: Finished running node model.DBT_QUESTPL.stg_customers
[0m00:01:31.723381 [debug] [Thread-1 (]: Began running node model.DBT_QUESTPL.my_second_dbt_model
[0m00:01:31.723580 [info ] [Thread-1 (]: 3 of 3 START sql view model my_dbt_db.my_second_dbt_model ...................... [RUN]
[0m00:01:31.723856 [debug] [Thread-1 (]: Re-using an available connection from the pool (formerly model.DBT_QUESTPL.stg_customers, now model.DBT_QUESTPL.my_second_dbt_model)
[0m00:01:31.723992 [debug] [Thread-1 (]: Began compiling node model.DBT_QUESTPL.my_second_dbt_model
[0m00:01:31.724985 [debug] [Thread-1 (]: Writing injected SQL for node "model.DBT_QUESTPL.my_second_dbt_model"
[0m00:01:31.725258 [debug] [Thread-1 (]: Timing info for model.DBT_QUESTPL.my_second_dbt_model (compile): 00:01:31.724075 => 00:01:31.725184
[0m00:01:31.725383 [debug] [Thread-1 (]: Began executing node model.DBT_QUESTPL.my_second_dbt_model
[0m00:01:31.726782 [debug] [Thread-1 (]: Writing runtime sql for node "model.DBT_QUESTPL.my_second_dbt_model"
[0m00:01:31.726996 [debug] [Thread-1 (]: Using mysql connection "model.DBT_QUESTPL.my_second_dbt_model"
[0m00:01:31.727119 [debug] [Thread-1 (]: On model.DBT_QUESTPL.my_second_dbt_model: BEGIN
[0m00:01:31.727235 [debug] [Thread-1 (]: Opening a new connection, currently in state closed
[0m00:01:31.731953 [debug] [Thread-1 (]: SQL status: SUCCESS 0 in 0.0 seconds
[0m00:01:31.732138 [debug] [Thread-1 (]: Using mysql connection "model.DBT_QUESTPL.my_second_dbt_model"
[0m00:01:31.732286 [debug] [Thread-1 (]: On model.DBT_QUESTPL.my_second_dbt_model: /* {"app": "dbt", "dbt_version": "1.7.19", "profile_name": "DBT_QUESTPL", "target_name": "dev", "node_id": "model.DBT_QUESTPL.my_second_dbt_model"} */

  create view `my_dbt_db`.`my_second_dbt_model__dbt_tmp`
    
    
  as (
    -- Use the `ref` function to select from other models

select *
from `my_dbt_db`.`my_first_dbt_model`
where id = 1
  );
[0m00:01:31.733599 [debug] [Thread-1 (]: SQL status: SUCCESS 0 in 0.0 seconds
[0m00:01:31.734812 [debug] [Thread-1 (]: Using mysql connection "model.DBT_QUESTPL.my_second_dbt_model"
[0m00:01:31.734942 [debug] [Thread-1 (]: On model.DBT_QUESTPL.my_second_dbt_model: /* {"app": "dbt", "dbt_version": "1.7.19", "profile_name": "DBT_QUESTPL", "target_name": "dev", "node_id": "model.DBT_QUESTPL.my_second_dbt_model"} */

    drop view if exists `my_dbt_db`.`my_second_dbt_model__dbt_backup` cascade
  
[0m00:01:31.735545 [debug] [Thread-1 (]: SQL status: SUCCESS 0 in 0.0 seconds
[0m00:01:31.735903 [debug] [Thread-1 (]: Using mysql connection "model.DBT_QUESTPL.my_second_dbt_model"
[0m00:01:31.736033 [debug] [Thread-1 (]: On model.DBT_QUESTPL.my_second_dbt_model: /* {"app": "dbt", "dbt_version": "1.7.19", "profile_name": "DBT_QUESTPL", "target_name": "dev", "node_id": "model.DBT_QUESTPL.my_second_dbt_model"} */

    rename table `my_dbt_db`.`my_second_dbt_model` to `my_dbt_db`.`my_second_dbt_model__dbt_backup`
  
[0m00:01:31.737193 [debug] [Thread-1 (]: SQL status: SUCCESS 0 in 0.0 seconds
[0m00:01:31.738275 [debug] [Thread-1 (]: Using mysql connection "model.DBT_QUESTPL.my_second_dbt_model"
[0m00:01:31.738402 [debug] [Thread-1 (]: On model.DBT_QUESTPL.my_second_dbt_model: /* {"app": "dbt", "dbt_version": "1.7.19", "profile_name": "DBT_QUESTPL", "target_name": "dev", "node_id": "model.DBT_QUESTPL.my_second_dbt_model"} */

    drop view if exists `my_dbt_db`.`my_second_dbt_model` cascade
  
[0m00:01:31.739003 [debug] [Thread-1 (]: SQL status: SUCCESS 0 in 0.0 seconds
[0m00:01:31.739335 [debug] [Thread-1 (]: Using mysql connection "model.DBT_QUESTPL.my_second_dbt_model"
[0m00:01:31.739468 [debug] [Thread-1 (]: On model.DBT_QUESTPL.my_second_dbt_model: /* {"app": "dbt", "dbt_version": "1.7.19", "profile_name": "DBT_QUESTPL", "target_name": "dev", "node_id": "model.DBT_QUESTPL.my_second_dbt_model"} */

    rename table `my_dbt_db`.`my_second_dbt_model__dbt_tmp` to `my_dbt_db`.`my_second_dbt_model`
  
[0m00:01:31.740820 [debug] [Thread-1 (]: SQL status: SUCCESS 0 in 0.0 seconds
[0m00:01:31.741452 [debug] [Thread-1 (]: On model.DBT_QUESTPL.my_second_dbt_model: COMMIT
[0m00:01:31.741575 [debug] [Thread-1 (]: Using mysql connection "model.DBT_QUESTPL.my_second_dbt_model"
[0m00:01:31.741689 [debug] [Thread-1 (]: On model.DBT_QUESTPL.my_second_dbt_model: COMMIT
[0m00:01:31.741938 [debug] [Thread-1 (]: SQL status: SUCCESS 0 in 0.0 seconds
[0m00:01:31.742773 [debug] [Thread-1 (]: Using mysql connection "model.DBT_QUESTPL.my_second_dbt_model"
[0m00:01:31.742903 [debug] [Thread-1 (]: On model.DBT_QUESTPL.my_second_dbt_model: /* {"app": "dbt", "dbt_version": "1.7.19", "profile_name": "DBT_QUESTPL", "target_name": "dev", "node_id": "model.DBT_QUESTPL.my_second_dbt_model"} */
drop view if exists `my_dbt_db`.`my_second_dbt_model__dbt_backup`
[0m00:01:31.743991 [debug] [Thread-1 (]: SQL status: SUCCESS 0 in 0.0 seconds
[0m00:01:31.744497 [debug] [Thread-1 (]: Timing info for model.DBT_QUESTPL.my_second_dbt_model (execute): 00:01:31.725457 => 00:01:31.744399
[0m00:01:31.744635 [debug] [Thread-1 (]: On model.DBT_QUESTPL.my_second_dbt_model: Close
[0m00:01:31.744954 [debug] [Thread-1 (]: Sending event: {'category': 'dbt', 'action': 'run_model', 'label': '258c3839-c4d5-48f7-a335-c36582284370', 'context': [<snowplow_tracker.self_describing_json.SelfDescribingJson object at 0x106de1100>]}
[0m00:01:31.745165 [info ] [Thread-1 (]: 3 of 3 OK created sql view model my_dbt_db.my_second_dbt_model ................. [[32mSUCCESS 0[0m in 0.02s]
[0m00:01:31.745393 [debug] [Thread-1 (]: Finished running node model.DBT_QUESTPL.my_second_dbt_model
[0m00:01:31.745932 [debug] [MainThread]: Using mysql connection "master"
[0m00:01:31.746052 [debug] [MainThread]: On master: BEGIN
[0m00:01:31.746160 [debug] [MainThread]: Opening a new connection, currently in state closed
[0m00:01:31.751047 [debug] [MainThread]: SQL status: SUCCESS 0 in 0.0 seconds
[0m00:01:31.751166 [debug] [MainThread]: On master: COMMIT
[0m00:01:31.751273 [debug] [MainThread]: Using mysql connection "master"
[0m00:01:31.751375 [debug] [MainThread]: On master: COMMIT
[0m00:01:31.751610 [debug] [MainThread]: SQL status: SUCCESS 0 in 0.0 seconds
[0m00:01:31.751760 [debug] [MainThread]: On master: Close
[0m00:01:31.752027 [debug] [MainThread]: Connection 'master' was properly closed.
[0m00:01:31.752136 [debug] [MainThread]: Connection 'model.DBT_QUESTPL.my_second_dbt_model' was properly closed.
[0m00:01:31.752266 [info ] [MainThread]: 
[0m00:01:31.752405 [info ] [MainThread]: Finished running 1 table model, 2 view models in 0 hours 0 minutes and 0.16 seconds (0.16s).
[0m00:01:31.752739 [debug] [MainThread]: Command end result
[0m00:01:31.756178 [info ] [MainThread]: 
[0m00:01:31.756345 [info ] [MainThread]: [32mCompleted successfully[0m
[0m00:01:31.756460 [info ] [MainThread]: 
[0m00:01:31.756588 [info ] [MainThread]: Done. PASS=3 WARN=0 ERROR=0 SKIP=0 TOTAL=3
[0m00:01:31.757231 [debug] [MainThread]: Resource report: {"command_name": "run", "command_success": true, "command_wall_clock_time": 0.32287288, "process_user_time": 0.843822, "process_kernel_time": 0.077862, "process_mem_max_rss": "117653504", "process_in_blocks": "0", "process_out_blocks": "0"}
[0m00:01:31.757404 [debug] [MainThread]: Command `dbt run` succeeded at 00:01:31.757357 after 0.32 seconds
[0m00:01:31.757550 [debug] [MainThread]: Sending event: {'category': 'dbt', 'action': 'invocation', 'label': 'end', 'context': [<snowplow_tracker.self_describing_json.SelfDescribingJson object at 0x106216a20>, <snowplow_tracker.self_describing_json.SelfDescribingJson object at 0x106643c20>, <snowplow_tracker.self_describing_json.SelfDescribingJson object at 0x106693fe0>]}
[0m00:01:31.757687 [debug] [MainThread]: Flushing usage events
[0m00:19:40.221371 [debug] [MainThread]: Sending event: {'category': 'dbt', 'action': 'invocation', 'label': 'start', 'context': [<snowplow_tracker.self_describing_json.SelfDescribingJson object at 0x1078512b0>, <snowplow_tracker.self_describing_json.SelfDescribingJson object at 0x107887b00>, <snowplow_tracker.self_describing_json.SelfDescribingJson object at 0x1078b4140>]}


============================== 00:19:40.222892 | 53f2d91c-83d2-47be-8688-a7e4360dab9e ==============================
[0m00:19:40.222892 [info ] [MainThread]: Running with dbt=1.7.19
[0m00:19:40.223139 [debug] [MainThread]: running dbt with arguments {'printer_width': '80', 'indirect_selection': 'eager', 'write_json': 'True', 'log_cache_events': 'False', 'partial_parse': 'True', 'cache_selected_only': 'False', 'warn_error': 'None', 'fail_fast': 'False', 'debug': 'False', 'log_path': '/Users/claetiane/Documents/VSCode/dbt_questpl/logs', 'profiles_dir': '/Users/claetiane/Documents/VSCode/dbt_questpl', 'version_check': 'True', 'use_colors': 'True', 'use_experimental_parser': 'False', 'no_print': 'None', 'quiet': 'False', 'warn_error_options': 'WarnErrorOptions(include=[], exclude=[])', 'invocation_command': 'dbt run', 'log_format': 'default', 'static_parser': 'True', 'target_path': 'None', 'introspect': 'True', 'send_anonymous_usage_stats': 'True'}
[0m00:19:40.271797 [debug] [MainThread]: Sending event: {'category': 'dbt', 'action': 'project_id', 'label': '53f2d91c-83d2-47be-8688-a7e4360dab9e', 'context': [<snowplow_tracker.self_describing_json.SelfDescribingJson object at 0x107cbd340>]}
[0m00:19:40.289798 [debug] [MainThread]: Sending event: {'category': 'dbt', 'action': 'adapter_info', 'label': '53f2d91c-83d2-47be-8688-a7e4360dab9e', 'context': [<snowplow_tracker.self_describing_json.SelfDescribingJson object at 0x106e5baa0>]}
[0m00:19:40.290084 [info ] [MainThread]: Registered adapter: mysql=1.7.0
[0m00:19:40.295524 [debug] [MainThread]: checksum: a8d43cdff37d0f32d7fbe4c5c25bea4bb6c86e162f8ce8fdb1a38cdcf7495431, vars: {}, profile: , target: , version: 1.7.19
[0m00:19:40.307449 [debug] [MainThread]: Partial parsing enabled: 0 files deleted, 0 files added, 2 files changed.
[0m00:19:40.307750 [debug] [MainThread]: Partial parsing: updated file: DBT_QUESTPL://models/staging/stg_orders.yml
[0m00:19:40.307924 [debug] [MainThread]: Partial parsing: updated file: DBT_QUESTPL://models/staging/ stg_orders.sql
[0m00:19:40.363139 [warn ] [MainThread]: [[33mWARNING[0m]: Did not find matching node for patch with name 'stg_orders' in the 'models' section of file 'models/staging/stg_orders.yml'
[0m00:19:40.363494 [error] [MainThread]: Encountered an error:
Compilation Error
  Model 'model.DBT_QUESTPL. stg_orders' (models/staging/ stg_orders.sql) depends on a source named 'my_dbt_db.raw_orders' which was not found
[0m00:19:40.364138 [debug] [MainThread]: Resource report: {"command_name": "run", "command_wall_clock_time": 0.1608957, "process_user_time": 0.755868, "process_kernel_time": 0.069716, "process_mem_max_rss": "112328704", "command_success": false, "process_in_blocks": "0", "process_out_blocks": "0"}
[0m00:19:40.364312 [debug] [MainThread]: Command `dbt run` failed at 00:19:40.364263 after 0.16 seconds
[0m00:19:40.364468 [debug] [MainThread]: Sending event: {'category': 'dbt', 'action': 'invocation', 'label': 'end', 'context': [<snowplow_tracker.self_describing_json.SelfDescribingJson object at 0x105c74a70>, <snowplow_tracker.self_describing_json.SelfDescribingJson object at 0x108e16510>, <snowplow_tracker.self_describing_json.SelfDescribingJson object at 0x107833b30>]}
[0m00:19:40.364613 [debug] [MainThread]: Flushing usage events
[0m00:22:55.997557 [debug] [MainThread]: Sending event: {'category': 'dbt', 'action': 'invocation', 'label': 'start', 'context': [<snowplow_tracker.self_describing_json.SelfDescribingJson object at 0x110699730>, <snowplow_tracker.self_describing_json.SelfDescribingJson object at 0x11238ff20>, <snowplow_tracker.self_describing_json.SelfDescribingJson object at 0x1124f0080>]}


============================== 00:22:55.999083 | a38245fb-7256-4574-bbbc-f0253e809637 ==============================
[0m00:22:55.999083 [info ] [MainThread]: Running with dbt=1.7.19
[0m00:22:55.999337 [debug] [MainThread]: running dbt with arguments {'printer_width': '80', 'indirect_selection': 'eager', 'write_json': 'True', 'log_cache_events': 'False', 'partial_parse': 'True', 'cache_selected_only': 'False', 'warn_error': 'None', 'debug': 'False', 'fail_fast': 'False', 'log_path': '/Users/claetiane/Documents/VSCode/dbt_questpl/logs', 'version_check': 'True', 'profiles_dir': '/Users/claetiane/Documents/VSCode/dbt_questpl', 'use_colors': 'True', 'use_experimental_parser': 'False', 'no_print': 'None', 'quiet': 'False', 'log_format': 'default', 'introspect': 'True', 'invocation_command': 'dbt run', 'warn_error_options': 'WarnErrorOptions(include=[], exclude=[])', 'target_path': 'None', 'static_parser': 'True', 'send_anonymous_usage_stats': 'True'}
[0m00:22:56.048752 [debug] [MainThread]: Sending event: {'category': 'dbt', 'action': 'project_id', 'label': 'a38245fb-7256-4574-bbbc-f0253e809637', 'context': [<snowplow_tracker.self_describing_json.SelfDescribingJson object at 0x112359580>]}
[0m00:22:56.066431 [debug] [MainThread]: Sending event: {'category': 'dbt', 'action': 'adapter_info', 'label': 'a38245fb-7256-4574-bbbc-f0253e809637', 'context': [<snowplow_tracker.self_describing_json.SelfDescribingJson object at 0x1121ea240>]}
[0m00:22:56.066711 [info ] [MainThread]: Registered adapter: mysql=1.7.0
[0m00:22:56.072202 [debug] [MainThread]: checksum: a8d43cdff37d0f32d7fbe4c5c25bea4bb6c86e162f8ce8fdb1a38cdcf7495431, vars: {}, profile: , target: , version: 1.7.19
[0m00:22:56.084020 [debug] [MainThread]: Partial parsing enabled: 0 files deleted, 0 files added, 2 files changed.
[0m00:22:56.084335 [debug] [MainThread]: Partial parsing: updated file: DBT_QUESTPL://models/staging/stg_orders.yml
[0m00:22:56.084511 [debug] [MainThread]: Partial parsing: updated file: DBT_QUESTPL://models/staging/ stg_orders.sql
[0m00:22:56.140814 [warn ] [MainThread]: [[33mWARNING[0m]: Did not find matching node for patch with name 'stg_orders' in the 'models' section of file 'models/staging/stg_orders.yml'
[0m00:22:56.141172 [error] [MainThread]: Encountered an error:
Compilation Error
  Model 'model.DBT_QUESTPL. stg_orders' (models/staging/ stg_orders.sql) depends on a source named 'my_dbt_db.raw_orders' which was not found
[0m00:22:56.141823 [debug] [MainThread]: Resource report: {"command_name": "run", "command_wall_clock_time": 0.16251579, "process_user_time": 0.767313, "process_kernel_time": 0.07297, "process_mem_max_rss": "110526464", "command_success": false, "process_in_blocks": "0", "process_out_blocks": "0"}
[0m00:22:56.141995 [debug] [MainThread]: Command `dbt run` failed at 00:22:56.141948 after 0.16 seconds
[0m00:22:56.142155 [debug] [MainThread]: Sending event: {'category': 'dbt', 'action': 'invocation', 'label': 'end', 'context': [<snowplow_tracker.self_describing_json.SelfDescribingJson object at 0x110374bf0>, <snowplow_tracker.self_describing_json.SelfDescribingJson object at 0x11215eb40>, <snowplow_tracker.self_describing_json.SelfDescribingJson object at 0x1140c7e30>]}
[0m00:22:56.142301 [debug] [MainThread]: Flushing usage events
[0m00:25:01.323641 [debug] [MainThread]: Sending event: {'category': 'dbt', 'action': 'invocation', 'label': 'start', 'context': [<snowplow_tracker.self_describing_json.SelfDescribingJson object at 0x108c75130>, <snowplow_tracker.self_describing_json.SelfDescribingJson object at 0x108ca7aa0>, <snowplow_tracker.self_describing_json.SelfDescribingJson object at 0x108ca7f20>]}


============================== 00:25:01.325147 | 7bbca330-7db9-4c2d-a426-6e0608091406 ==============================
[0m00:25:01.325147 [info ] [MainThread]: Running with dbt=1.7.19
[0m00:25:01.325389 [debug] [MainThread]: running dbt with arguments {'printer_width': '80', 'indirect_selection': 'eager', 'log_cache_events': 'False', 'write_json': 'True', 'partial_parse': 'True', 'cache_selected_only': 'False', 'profiles_dir': '/Users/claetiane/Documents/VSCode/dbt_questpl', 'debug': 'False', 'warn_error': 'None', 'log_path': '/Users/claetiane/Documents/VSCode/dbt_questpl/logs', 'version_check': 'True', 'fail_fast': 'False', 'use_colors': 'True', 'use_experimental_parser': 'False', 'no_print': 'None', 'quiet': 'False', 'warn_error_options': 'WarnErrorOptions(include=[], exclude=[])', 'introspect': 'True', 'log_format': 'default', 'static_parser': 'True', 'target_path': 'None', 'invocation_command': 'dbt run', 'send_anonymous_usage_stats': 'True'}
[0m00:25:01.374423 [debug] [MainThread]: Sending event: {'category': 'dbt', 'action': 'project_id', 'label': '7bbca330-7db9-4c2d-a426-6e0608091406', 'context': [<snowplow_tracker.self_describing_json.SelfDescribingJson object at 0x10895f680>]}
[0m00:25:01.391839 [debug] [MainThread]: Sending event: {'category': 'dbt', 'action': 'adapter_info', 'label': '7bbca330-7db9-4c2d-a426-6e0608091406', 'context': [<snowplow_tracker.self_describing_json.SelfDescribingJson object at 0x109007170>]}
[0m00:25:01.392113 [info ] [MainThread]: Registered adapter: mysql=1.7.0
[0m00:25:01.397911 [debug] [MainThread]: checksum: a8d43cdff37d0f32d7fbe4c5c25bea4bb6c86e162f8ce8fdb1a38cdcf7495431, vars: {}, profile: , target: , version: 1.7.19
[0m00:25:01.409385 [debug] [MainThread]: Partial parsing enabled: 0 files deleted, 0 files added, 3 files changed.
[0m00:25:01.409734 [debug] [MainThread]: Partial parsing: updated file: DBT_QUESTPL://models/staging/sources.yml
[0m00:25:01.409897 [debug] [MainThread]: Partial parsing: updated file: DBT_QUESTPL://models/staging/stg_orders.yml
[0m00:25:01.410045 [debug] [MainThread]: Partial parsing: updated file: DBT_QUESTPL://models/staging/ stg_orders.sql
[0m00:25:01.486326 [warn ] [MainThread]: [[33mWARNING[0m]: Did not find matching node for patch with name 'stg_orders' in the 'models' section of file 'models/staging/stg_orders.yml'
[0m00:25:01.487307 [error] [MainThread]: Encountered an error:
Compilation Error
  Model 'model.DBT_QUESTPL. stg_orders' (models/staging/ stg_orders.sql) depends on a source named 'my_dbt_db.raw_orders' which was not found
[0m00:25:01.487991 [debug] [MainThread]: Resource report: {"command_name": "run", "command_wall_clock_time": 0.18243288, "process_user_time": 0.774037, "process_kernel_time": 0.065765, "process_mem_max_rss": "112951296", "command_success": false, "process_in_blocks": "0", "process_out_blocks": "0"}
[0m00:25:01.488166 [debug] [MainThread]: Command `dbt run` failed at 00:25:01.488119 after 0.18 seconds
[0m00:25:01.488346 [debug] [MainThread]: Sending event: {'category': 'dbt', 'action': 'invocation', 'label': 'end', 'context': [<snowplow_tracker.self_describing_json.SelfDescribingJson object at 0x107b73b90>, <snowplow_tracker.self_describing_json.SelfDescribingJson object at 0x109250260>, <snowplow_tracker.self_describing_json.SelfDescribingJson object at 0x108fa6c00>]}
[0m00:25:01.488493 [debug] [MainThread]: Flushing usage events
[0m00:30:30.170988 [debug] [MainThread]: Sending event: {'category': 'dbt', 'action': 'invocation', 'label': 'start', 'context': [<snowplow_tracker.self_describing_json.SelfDescribingJson object at 0x106ae0f50>, <snowplow_tracker.self_describing_json.SelfDescribingJson object at 0x106b44410>, <snowplow_tracker.self_describing_json.SelfDescribingJson object at 0x106b44140>]}


============================== 00:30:30.172529 | 661abc92-cf2d-4d03-93ab-1d21c8d78938 ==============================
[0m00:30:30.172529 [info ] [MainThread]: Running with dbt=1.7.19
[0m00:30:30.172778 [debug] [MainThread]: running dbt with arguments {'printer_width': '80', 'indirect_selection': 'eager', 'write_json': 'True', 'log_cache_events': 'False', 'partial_parse': 'True', 'cache_selected_only': 'False', 'profiles_dir': '/Users/claetiane/Documents/VSCode/dbt_questpl', 'debug': 'False', 'warn_error': 'None', 'log_path': '/Users/claetiane/Documents/VSCode/dbt_questpl/logs', 'version_check': 'True', 'fail_fast': 'False', 'use_colors': 'True', 'use_experimental_parser': 'False', 'no_print': 'None', 'quiet': 'False', 'log_format': 'default', 'introspect': 'True', 'warn_error_options': 'WarnErrorOptions(include=[], exclude=[])', 'static_parser': 'True', 'target_path': 'None', 'invocation_command': 'dbt run', 'send_anonymous_usage_stats': 'True'}
[0m00:30:30.222287 [debug] [MainThread]: Sending event: {'category': 'dbt', 'action': 'project_id', 'label': '661abc92-cf2d-4d03-93ab-1d21c8d78938', 'context': [<snowplow_tracker.self_describing_json.SelfDescribingJson object at 0x10674b740>]}
[0m00:30:30.240088 [debug] [MainThread]: Sending event: {'category': 'dbt', 'action': 'adapter_info', 'label': '661abc92-cf2d-4d03-93ab-1d21c8d78938', 'context': [<snowplow_tracker.self_describing_json.SelfDescribingJson object at 0x106b57680>]}
[0m00:30:30.240395 [info ] [MainThread]: Registered adapter: mysql=1.7.0
[0m00:30:30.245979 [debug] [MainThread]: checksum: a8d43cdff37d0f32d7fbe4c5c25bea4bb6c86e162f8ce8fdb1a38cdcf7495431, vars: {}, profile: , target: , version: 1.7.19
[0m00:30:30.257800 [debug] [MainThread]: Partial parsing enabled: 0 files deleted, 0 files added, 3 files changed.
[0m00:30:30.258125 [debug] [MainThread]: Partial parsing: updated file: DBT_QUESTPL://models/staging/stg_orders.yml
[0m00:30:30.258345 [debug] [MainThread]: Partial parsing: updated file: DBT_QUESTPL://models/staging/sources.yml
[0m00:30:30.258506 [debug] [MainThread]: Partial parsing: updated file: DBT_QUESTPL://models/staging/ stg_orders.sql
[0m00:30:30.315567 [warn ] [MainThread]: [[33mWARNING[0m]: Did not find matching node for patch with name 'stg_orders' in the 'models' section of file 'models/staging/stg_orders.yml'
[0m00:30:30.362017 [debug] [MainThread]: Sending event: {'category': 'dbt', 'action': 'load_project', 'label': '661abc92-cf2d-4d03-93ab-1d21c8d78938', 'context': [<snowplow_tracker.self_describing_json.SelfDescribingJson object at 0x1071ae1b0>]}
[0m00:30:30.365631 [debug] [MainThread]: Sending event: {'category': 'dbt', 'action': 'resource_counts', 'label': '661abc92-cf2d-4d03-93ab-1d21c8d78938', 'context': [<snowplow_tracker.self_describing_json.SelfDescribingJson object at 0x106f72210>]}
[0m00:30:30.365830 [info ] [MainThread]: Found 4 models, 4 tests, 2 sources, 0 exposures, 0 metrics, 387 macros, 0 groups, 0 semantic models
[0m00:30:30.365980 [debug] [MainThread]: Sending event: {'category': 'dbt', 'action': 'runnable_timing', 'label': '661abc92-cf2d-4d03-93ab-1d21c8d78938', 'context': [<snowplow_tracker.self_describing_json.SelfDescribingJson object at 0x105ca5670>]}
[0m00:30:30.366744 [info ] [MainThread]: 
[0m00:30:30.367056 [debug] [MainThread]: Acquiring new mysql connection 'master'
[0m00:30:30.367505 [debug] [ThreadPool]: Acquiring new mysql connection 'list_schemas'
[0m00:30:30.371273 [debug] [ThreadPool]: Using mysql connection "list_schemas"
[0m00:30:30.371414 [debug] [ThreadPool]: On list_schemas: /* {"app": "dbt", "dbt_version": "1.7.19", "profile_name": "DBT_QUESTPL", "target_name": "dev", "connection_name": "list_schemas"} */
select distinct schema_name
        from information_schema.schemata
[0m00:30:30.371530 [debug] [ThreadPool]: Opening a new connection, currently in state init
[0m00:30:30.383395 [debug] [ThreadPool]: SQL status: SUCCESS 6 in 0.0 seconds
[0m00:30:30.384066 [debug] [ThreadPool]: On list_schemas: Close
[0m00:30:30.384708 [debug] [ThreadPool]: Re-using an available connection from the pool (formerly list_schemas, now list_None_my_dbt_db)
[0m00:30:30.386727 [debug] [ThreadPool]: Using mysql connection "list_None_my_dbt_db"
[0m00:30:30.386873 [debug] [ThreadPool]: On list_None_my_dbt_db: BEGIN
[0m00:30:30.386985 [debug] [ThreadPool]: Opening a new connection, currently in state closed
[0m00:30:30.393321 [debug] [ThreadPool]: SQL status: SUCCESS 0 in 0.0 seconds
[0m00:30:30.393435 [debug] [ThreadPool]: Using mysql connection "list_None_my_dbt_db"
[0m00:30:30.393548 [debug] [ThreadPool]: On list_None_my_dbt_db: /* {"app": "dbt", "dbt_version": "1.7.19", "profile_name": "DBT_QUESTPL", "target_name": "dev", "connection_name": "list_None_my_dbt_db"} */
select
      null as "database",
      table_name as name,
      table_schema as "schema",
      case when table_type = 'BASE TABLE' then 'table'
           when table_type = 'VIEW' then 'view'
           else table_type
      end as table_type
    from information_schema.tables
    where table_schema = 'my_dbt_db'
  
[0m00:30:30.395408 [debug] [ThreadPool]: SQL status: SUCCESS 9 in 0.0 seconds
[0m00:30:30.395902 [debug] [ThreadPool]: On list_None_my_dbt_db: ROLLBACK
[0m00:30:30.396141 [debug] [ThreadPool]: On list_None_my_dbt_db: Close
[0m00:30:30.396934 [debug] [MainThread]: Sending event: {'category': 'dbt', 'action': 'runnable_timing', 'label': '661abc92-cf2d-4d03-93ab-1d21c8d78938', 'context': [<snowplow_tracker.self_describing_json.SelfDescribingJson object at 0x107276420>]}
[0m00:30:30.397095 [debug] [MainThread]: Using mysql connection "master"
[0m00:30:30.397202 [debug] [MainThread]: On master: BEGIN
[0m00:30:30.397304 [debug] [MainThread]: Opening a new connection, currently in state init
[0m00:30:30.402703 [debug] [MainThread]: SQL status: SUCCESS 0 in 0.0 seconds
[0m00:30:30.402836 [debug] [MainThread]: On master: COMMIT
[0m00:30:30.402945 [debug] [MainThread]: Using mysql connection "master"
[0m00:30:30.403051 [debug] [MainThread]: On master: COMMIT
[0m00:30:30.403356 [debug] [MainThread]: SQL status: SUCCESS 0 in 0.0 seconds
[0m00:30:30.403466 [debug] [MainThread]: On master: Close
[0m00:30:30.403738 [info ] [MainThread]: Concurrency: 1 threads (target='dev')
[0m00:30:30.403873 [info ] [MainThread]: 
[0m00:30:30.404649 [debug] [Thread-1 (]: Began running node model.DBT_QUESTPL. stg_orders
[0m00:30:30.404828 [info ] [Thread-1 (]: 1 of 4 START sql view model my_dbt_db.stg_orders ............................... [RUN]
[0m00:30:30.405095 [debug] [Thread-1 (]: Re-using an available connection from the pool (formerly list_None_my_dbt_db, now model.DBT_QUESTPL. stg_orders)
[0m00:30:30.405233 [debug] [Thread-1 (]: Began compiling node model.DBT_QUESTPL. stg_orders
[0m00:30:30.408098 [debug] [Thread-1 (]: Writing injected SQL for node "model.DBT_QUESTPL. stg_orders"
[0m00:30:30.408453 [debug] [Thread-1 (]: Timing info for model.DBT_QUESTPL. stg_orders (compile): 00:30:30.405316 => 00:30:30.408369
[0m00:30:30.408577 [debug] [Thread-1 (]: Began executing node model.DBT_QUESTPL. stg_orders
[0m00:30:30.420423 [debug] [Thread-1 (]: Writing runtime sql for node "model.DBT_QUESTPL. stg_orders"
[0m00:30:30.420791 [debug] [Thread-1 (]: Using mysql connection "model.DBT_QUESTPL. stg_orders"
[0m00:30:30.420928 [debug] [Thread-1 (]: On model.DBT_QUESTPL. stg_orders: BEGIN
[0m00:30:30.421045 [debug] [Thread-1 (]: Opening a new connection, currently in state closed
[0m00:30:30.427760 [debug] [Thread-1 (]: SQL status: SUCCESS 0 in 0.0 seconds
[0m00:30:30.427887 [debug] [Thread-1 (]: Using mysql connection "model.DBT_QUESTPL. stg_orders"
[0m00:30:30.428010 [debug] [Thread-1 (]: On model.DBT_QUESTPL. stg_orders: /* {"app": "dbt", "dbt_version": "1.7.19", "profile_name": "DBT_QUESTPL", "target_name": "dev", "node_id": "model.DBT_QUESTPL. stg_orders"} */

  create view `my_dbt_db`.`stg_orders__dbt_tmp`
    
    
  as (
    with source as (
    select * from `my_dbt_db`.`raw_orders`
),
renamed as (
    select
        id as order_id,
        customer as customer_id,
        ordered_at as order_date,
        store_id
    from source
)
select * from renamed
  );
[0m00:30:30.430632 [debug] [Thread-1 (]: SQL status: SUCCESS 0 in 0.0 seconds
[0m00:30:30.433233 [debug] [Thread-1 (]: Using mysql connection "model.DBT_QUESTPL. stg_orders"
[0m00:30:30.433390 [debug] [Thread-1 (]: On model.DBT_QUESTPL. stg_orders: /* {"app": "dbt", "dbt_version": "1.7.19", "profile_name": "DBT_QUESTPL", "target_name": "dev", "node_id": "model.DBT_QUESTPL. stg_orders"} */

    drop view if exists `my_dbt_db`.`stg_orders` cascade
  
[0m00:30:30.434426 [debug] [Thread-1 (]: SQL status: SUCCESS 0 in 0.0 seconds
[0m00:30:30.434870 [debug] [Thread-1 (]: Using mysql connection "model.DBT_QUESTPL. stg_orders"
[0m00:30:30.435002 [debug] [Thread-1 (]: On model.DBT_QUESTPL. stg_orders: /* {"app": "dbt", "dbt_version": "1.7.19", "profile_name": "DBT_QUESTPL", "target_name": "dev", "node_id": "model.DBT_QUESTPL. stg_orders"} */

    rename table `my_dbt_db`.`stg_orders__dbt_tmp` to `my_dbt_db`.`stg_orders`
  
[0m00:30:30.437286 [debug] [Thread-1 (]: SQL status: SUCCESS 0 in 0.0 seconds
[0m00:30:30.442476 [debug] [Thread-1 (]: On model.DBT_QUESTPL. stg_orders: COMMIT
[0m00:30:30.442612 [debug] [Thread-1 (]: Using mysql connection "model.DBT_QUESTPL. stg_orders"
[0m00:30:30.442732 [debug] [Thread-1 (]: On model.DBT_QUESTPL. stg_orders: COMMIT
[0m00:30:30.443081 [debug] [Thread-1 (]: SQL status: SUCCESS 0 in 0.0 seconds
[0m00:30:30.444862 [debug] [Thread-1 (]: Using mysql connection "model.DBT_QUESTPL. stg_orders"
[0m00:30:30.444993 [debug] [Thread-1 (]: On model.DBT_QUESTPL. stg_orders: /* {"app": "dbt", "dbt_version": "1.7.19", "profile_name": "DBT_QUESTPL", "target_name": "dev", "node_id": "model.DBT_QUESTPL. stg_orders"} */
drop view if exists `my_dbt_db`.`stg_orders__dbt_backup`
[0m00:30:30.446167 [debug] [Thread-1 (]: SQL status: SUCCESS 0 in 0.0 seconds
[0m00:30:30.446724 [debug] [Thread-1 (]: Timing info for model.DBT_QUESTPL. stg_orders (execute): 00:30:30.408652 => 00:30:30.446642
[0m00:30:30.446858 [debug] [Thread-1 (]: On model.DBT_QUESTPL. stg_orders: Close
[0m00:30:30.447169 [debug] [Thread-1 (]: Sending event: {'category': 'dbt', 'action': 'run_model', 'label': '661abc92-cf2d-4d03-93ab-1d21c8d78938', 'context': [<snowplow_tracker.self_describing_json.SelfDescribingJson object at 0x10737bdd0>]}
[0m00:30:30.447381 [info ] [Thread-1 (]: 1 of 4 OK created sql view model my_dbt_db.stg_orders .......................... [[32mSUCCESS 0[0m in 0.04s]
[0m00:30:30.447611 [debug] [Thread-1 (]: Finished running node model.DBT_QUESTPL. stg_orders
[0m00:30:30.447775 [debug] [Thread-1 (]: Began running node model.DBT_QUESTPL.my_first_dbt_model
[0m00:30:30.447972 [info ] [Thread-1 (]: 2 of 4 START sql table model my_dbt_db.my_first_dbt_model ...................... [RUN]
[0m00:30:30.448240 [debug] [Thread-1 (]: Re-using an available connection from the pool (formerly model.DBT_QUESTPL. stg_orders, now model.DBT_QUESTPL.my_first_dbt_model)
[0m00:30:30.448373 [debug] [Thread-1 (]: Began compiling node model.DBT_QUESTPL.my_first_dbt_model
[0m00:30:30.449355 [debug] [Thread-1 (]: Writing injected SQL for node "model.DBT_QUESTPL.my_first_dbt_model"
[0m00:30:30.449673 [debug] [Thread-1 (]: Timing info for model.DBT_QUESTPL.my_first_dbt_model (compile): 00:30:30.448452 => 00:30:30.449582
[0m00:30:30.449807 [debug] [Thread-1 (]: Began executing node model.DBT_QUESTPL.my_first_dbt_model
[0m00:30:30.457546 [debug] [Thread-1 (]: Writing runtime sql for node "model.DBT_QUESTPL.my_first_dbt_model"
[0m00:30:30.457863 [debug] [Thread-1 (]: Using mysql connection "model.DBT_QUESTPL.my_first_dbt_model"
[0m00:30:30.457992 [debug] [Thread-1 (]: On model.DBT_QUESTPL.my_first_dbt_model: BEGIN
[0m00:30:30.458109 [debug] [Thread-1 (]: Opening a new connection, currently in state closed
[0m00:30:30.464491 [debug] [Thread-1 (]: SQL status: SUCCESS 0 in 0.0 seconds
[0m00:30:30.464637 [debug] [Thread-1 (]: Using mysql connection "model.DBT_QUESTPL.my_first_dbt_model"
[0m00:30:30.464783 [debug] [Thread-1 (]: On model.DBT_QUESTPL.my_first_dbt_model: /* {"app": "dbt", "dbt_version": "1.7.19", "profile_name": "DBT_QUESTPL", "target_name": "dev", "node_id": "model.DBT_QUESTPL.my_first_dbt_model"} */

  
    

  create  table
    `my_dbt_db`.`my_first_dbt_model__dbt_tmp`
    
    
      as
    
    (
      /*
    Welcome to your first dbt model!
    Did you know that you can also configure models directly within SQL files?
    This will override configurations stated in dbt_project.yml

    Try changing "table" to "view" below
*/



with source_data as (

    select 1 as id
    union all
    select null as id

)

select *
from source_data

/*
    Uncomment the line below to remove records with null `id` values
*/

-- where id is not null
    )

  
[0m00:30:30.470785 [debug] [Thread-1 (]: SQL status: SUCCESS 2 in 0.0 seconds
[0m00:30:30.472792 [debug] [Thread-1 (]: Using mysql connection "model.DBT_QUESTPL.my_first_dbt_model"
[0m00:30:30.472938 [debug] [Thread-1 (]: On model.DBT_QUESTPL.my_first_dbt_model: /* {"app": "dbt", "dbt_version": "1.7.19", "profile_name": "DBT_QUESTPL", "target_name": "dev", "node_id": "model.DBT_QUESTPL.my_first_dbt_model"} */

    drop table if exists `my_dbt_db`.`my_first_dbt_model__dbt_backup` cascade
  
[0m00:30:30.474229 [debug] [Thread-1 (]: SQL status: SUCCESS 0 in 0.0 seconds
[0m00:30:30.474605 [debug] [Thread-1 (]: Using mysql connection "model.DBT_QUESTPL.my_first_dbt_model"
[0m00:30:30.474740 [debug] [Thread-1 (]: On model.DBT_QUESTPL.my_first_dbt_model: /* {"app": "dbt", "dbt_version": "1.7.19", "profile_name": "DBT_QUESTPL", "target_name": "dev", "node_id": "model.DBT_QUESTPL.my_first_dbt_model"} */

    rename table `my_dbt_db`.`my_first_dbt_model` to `my_dbt_db`.`my_first_dbt_model__dbt_backup`
  
[0m00:30:30.480319 [debug] [Thread-1 (]: SQL status: SUCCESS 0 in 0.0 seconds
[0m00:30:30.481467 [debug] [Thread-1 (]: Using mysql connection "model.DBT_QUESTPL.my_first_dbt_model"
[0m00:30:30.481613 [debug] [Thread-1 (]: On model.DBT_QUESTPL.my_first_dbt_model: /* {"app": "dbt", "dbt_version": "1.7.19", "profile_name": "DBT_QUESTPL", "target_name": "dev", "node_id": "model.DBT_QUESTPL.my_first_dbt_model"} */

    drop table if exists `my_dbt_db`.`my_first_dbt_model` cascade
  
[0m00:30:30.482194 [debug] [Thread-1 (]: SQL status: SUCCESS 0 in 0.0 seconds
[0m00:30:30.482575 [debug] [Thread-1 (]: Using mysql connection "model.DBT_QUESTPL.my_first_dbt_model"
[0m00:30:30.482707 [debug] [Thread-1 (]: On model.DBT_QUESTPL.my_first_dbt_model: /* {"app": "dbt", "dbt_version": "1.7.19", "profile_name": "DBT_QUESTPL", "target_name": "dev", "node_id": "model.DBT_QUESTPL.my_first_dbt_model"} */

    rename table `my_dbt_db`.`my_first_dbt_model__dbt_tmp` to `my_dbt_db`.`my_first_dbt_model`
  
[0m00:30:30.487595 [debug] [Thread-1 (]: SQL status: SUCCESS 0 in 0.0 seconds
[0m00:30:30.490520 [debug] [Thread-1 (]: On model.DBT_QUESTPL.my_first_dbt_model: COMMIT
[0m00:30:30.490668 [debug] [Thread-1 (]: Using mysql connection "model.DBT_QUESTPL.my_first_dbt_model"
[0m00:30:30.490788 [debug] [Thread-1 (]: On model.DBT_QUESTPL.my_first_dbt_model: COMMIT
[0m00:30:30.491083 [debug] [Thread-1 (]: SQL status: SUCCESS 0 in 0.0 seconds
[0m00:30:30.492077 [debug] [Thread-1 (]: Using mysql connection "model.DBT_QUESTPL.my_first_dbt_model"
[0m00:30:30.492204 [debug] [Thread-1 (]: On model.DBT_QUESTPL.my_first_dbt_model: /* {"app": "dbt", "dbt_version": "1.7.19", "profile_name": "DBT_QUESTPL", "target_name": "dev", "node_id": "model.DBT_QUESTPL.my_first_dbt_model"} */
drop table if exists `my_dbt_db`.`my_first_dbt_model__dbt_backup`
[0m00:30:30.495803 [debug] [Thread-1 (]: SQL status: SUCCESS 0 in 0.0 seconds
[0m00:30:30.496334 [debug] [Thread-1 (]: Timing info for model.DBT_QUESTPL.my_first_dbt_model (execute): 00:30:30.449881 => 00:30:30.496254
[0m00:30:30.496466 [debug] [Thread-1 (]: On model.DBT_QUESTPL.my_first_dbt_model: Close
[0m00:30:30.496769 [debug] [Thread-1 (]: Sending event: {'category': 'dbt', 'action': 'run_model', 'label': '661abc92-cf2d-4d03-93ab-1d21c8d78938', 'context': [<snowplow_tracker.self_describing_json.SelfDescribingJson object at 0x107399820>]}
[0m00:30:30.496977 [info ] [Thread-1 (]: 2 of 4 OK created sql table model my_dbt_db.my_first_dbt_model ................. [[32mSUCCESS 2[0m in 0.05s]
[0m00:30:30.497199 [debug] [Thread-1 (]: Finished running node model.DBT_QUESTPL.my_first_dbt_model
[0m00:30:30.497347 [debug] [Thread-1 (]: Began running node model.DBT_QUESTPL.stg_customers
[0m00:30:30.497536 [info ] [Thread-1 (]: 3 of 4 START sql view model my_dbt_db.stg_customers ............................ [RUN]
[0m00:30:30.497810 [debug] [Thread-1 (]: Re-using an available connection from the pool (formerly model.DBT_QUESTPL.my_first_dbt_model, now model.DBT_QUESTPL.stg_customers)
[0m00:30:30.497939 [debug] [Thread-1 (]: Began compiling node model.DBT_QUESTPL.stg_customers
[0m00:30:30.498822 [debug] [Thread-1 (]: Writing injected SQL for node "model.DBT_QUESTPL.stg_customers"
[0m00:30:30.499131 [debug] [Thread-1 (]: Timing info for model.DBT_QUESTPL.stg_customers (compile): 00:30:30.498016 => 00:30:30.499062
[0m00:30:30.499249 [debug] [Thread-1 (]: Began executing node model.DBT_QUESTPL.stg_customers
[0m00:30:30.500724 [debug] [Thread-1 (]: Writing runtime sql for node "model.DBT_QUESTPL.stg_customers"
[0m00:30:30.500933 [debug] [Thread-1 (]: Using mysql connection "model.DBT_QUESTPL.stg_customers"
[0m00:30:30.501049 [debug] [Thread-1 (]: On model.DBT_QUESTPL.stg_customers: BEGIN
[0m00:30:30.501160 [debug] [Thread-1 (]: Opening a new connection, currently in state closed
[0m00:30:30.505302 [debug] [Thread-1 (]: SQL status: SUCCESS 0 in 0.0 seconds
[0m00:30:30.505427 [debug] [Thread-1 (]: Using mysql connection "model.DBT_QUESTPL.stg_customers"
[0m00:30:30.505548 [debug] [Thread-1 (]: On model.DBT_QUESTPL.stg_customers: /* {"app": "dbt", "dbt_version": "1.7.19", "profile_name": "DBT_QUESTPL", "target_name": "dev", "node_id": "model.DBT_QUESTPL.stg_customers"} */

  create view `my_dbt_db`.`stg_customers__dbt_tmp`
    
    
  as (
    # CTE  Common  Table Expression
with source as (
    select * from `my_dbt_db`.`raw_customers`
),
renamed as (
    select
        id as customer_id,
        name as customer_name
    from source
)
select * from renamed
  );
[0m00:30:30.507203 [debug] [Thread-1 (]: SQL status: SUCCESS 0 in 0.0 seconds
[0m00:30:30.508304 [debug] [Thread-1 (]: Using mysql connection "model.DBT_QUESTPL.stg_customers"
[0m00:30:30.508430 [debug] [Thread-1 (]: On model.DBT_QUESTPL.stg_customers: /* {"app": "dbt", "dbt_version": "1.7.19", "profile_name": "DBT_QUESTPL", "target_name": "dev", "node_id": "model.DBT_QUESTPL.stg_customers"} */

    drop view if exists `my_dbt_db`.`stg_customers__dbt_backup` cascade
  
[0m00:30:30.509072 [debug] [Thread-1 (]: SQL status: SUCCESS 0 in 0.0 seconds
[0m00:30:30.509420 [debug] [Thread-1 (]: Using mysql connection "model.DBT_QUESTPL.stg_customers"
[0m00:30:30.509543 [debug] [Thread-1 (]: On model.DBT_QUESTPL.stg_customers: /* {"app": "dbt", "dbt_version": "1.7.19", "profile_name": "DBT_QUESTPL", "target_name": "dev", "node_id": "model.DBT_QUESTPL.stg_customers"} */

    rename table `my_dbt_db`.`stg_customers` to `my_dbt_db`.`stg_customers__dbt_backup`
  
[0m00:30:30.510922 [debug] [Thread-1 (]: SQL status: SUCCESS 0 in 0.0 seconds
[0m00:30:30.511828 [debug] [Thread-1 (]: Using mysql connection "model.DBT_QUESTPL.stg_customers"
[0m00:30:30.511950 [debug] [Thread-1 (]: On model.DBT_QUESTPL.stg_customers: /* {"app": "dbt", "dbt_version": "1.7.19", "profile_name": "DBT_QUESTPL", "target_name": "dev", "node_id": "model.DBT_QUESTPL.stg_customers"} */

    drop view if exists `my_dbt_db`.`stg_customers` cascade
  
[0m00:30:30.512511 [debug] [Thread-1 (]: SQL status: SUCCESS 0 in 0.0 seconds
[0m00:30:30.512832 [debug] [Thread-1 (]: Using mysql connection "model.DBT_QUESTPL.stg_customers"
[0m00:30:30.512953 [debug] [Thread-1 (]: On model.DBT_QUESTPL.stg_customers: /* {"app": "dbt", "dbt_version": "1.7.19", "profile_name": "DBT_QUESTPL", "target_name": "dev", "node_id": "model.DBT_QUESTPL.stg_customers"} */

    rename table `my_dbt_db`.`stg_customers__dbt_tmp` to `my_dbt_db`.`stg_customers`
  
[0m00:30:30.514321 [debug] [Thread-1 (]: SQL status: SUCCESS 0 in 0.0 seconds
[0m00:30:30.515072 [debug] [Thread-1 (]: On model.DBT_QUESTPL.stg_customers: COMMIT
[0m00:30:30.515197 [debug] [Thread-1 (]: Using mysql connection "model.DBT_QUESTPL.stg_customers"
[0m00:30:30.515318 [debug] [Thread-1 (]: On model.DBT_QUESTPL.stg_customers: COMMIT
[0m00:30:30.515572 [debug] [Thread-1 (]: SQL status: SUCCESS 0 in 0.0 seconds
[0m00:30:30.516541 [debug] [Thread-1 (]: Using mysql connection "model.DBT_QUESTPL.stg_customers"
[0m00:30:30.516698 [debug] [Thread-1 (]: On model.DBT_QUESTPL.stg_customers: /* {"app": "dbt", "dbt_version": "1.7.19", "profile_name": "DBT_QUESTPL", "target_name": "dev", "node_id": "model.DBT_QUESTPL.stg_customers"} */
drop view if exists `my_dbt_db`.`stg_customers__dbt_backup`
[0m00:30:30.517460 [debug] [Thread-1 (]: SQL status: SUCCESS 0 in 0.0 seconds
[0m00:30:30.518003 [debug] [Thread-1 (]: Timing info for model.DBT_QUESTPL.stg_customers (execute): 00:30:30.499321 => 00:30:30.517925
[0m00:30:30.518135 [debug] [Thread-1 (]: On model.DBT_QUESTPL.stg_customers: Close
[0m00:30:30.518427 [debug] [Thread-1 (]: Sending event: {'category': 'dbt', 'action': 'run_model', 'label': '661abc92-cf2d-4d03-93ab-1d21c8d78938', 'context': [<snowplow_tracker.self_describing_json.SelfDescribingJson object at 0x107380080>]}
[0m00:30:30.518641 [info ] [Thread-1 (]: 3 of 4 OK created sql view model my_dbt_db.stg_customers ....................... [[32mSUCCESS 0[0m in 0.02s]
[0m00:30:30.518864 [debug] [Thread-1 (]: Finished running node model.DBT_QUESTPL.stg_customers
[0m00:30:30.519013 [debug] [Thread-1 (]: Began running node model.DBT_QUESTPL.my_second_dbt_model
[0m00:30:30.519187 [info ] [Thread-1 (]: 4 of 4 START sql view model my_dbt_db.my_second_dbt_model ...................... [RUN]
[0m00:30:30.519432 [debug] [Thread-1 (]: Re-using an available connection from the pool (formerly model.DBT_QUESTPL.stg_customers, now model.DBT_QUESTPL.my_second_dbt_model)
[0m00:30:30.519560 [debug] [Thread-1 (]: Began compiling node model.DBT_QUESTPL.my_second_dbt_model
[0m00:30:30.520488 [debug] [Thread-1 (]: Writing injected SQL for node "model.DBT_QUESTPL.my_second_dbt_model"
[0m00:30:30.520797 [debug] [Thread-1 (]: Timing info for model.DBT_QUESTPL.my_second_dbt_model (compile): 00:30:30.519639 => 00:30:30.520725
[0m00:30:30.520921 [debug] [Thread-1 (]: Began executing node model.DBT_QUESTPL.my_second_dbt_model
[0m00:30:30.522422 [debug] [Thread-1 (]: Writing runtime sql for node "model.DBT_QUESTPL.my_second_dbt_model"
[0m00:30:30.522659 [debug] [Thread-1 (]: Using mysql connection "model.DBT_QUESTPL.my_second_dbt_model"
[0m00:30:30.522783 [debug] [Thread-1 (]: On model.DBT_QUESTPL.my_second_dbt_model: BEGIN
[0m00:30:30.522900 [debug] [Thread-1 (]: Opening a new connection, currently in state closed
[0m00:30:30.527931 [debug] [Thread-1 (]: SQL status: SUCCESS 0 in 0.0 seconds
[0m00:30:30.528057 [debug] [Thread-1 (]: Using mysql connection "model.DBT_QUESTPL.my_second_dbt_model"
[0m00:30:30.528179 [debug] [Thread-1 (]: On model.DBT_QUESTPL.my_second_dbt_model: /* {"app": "dbt", "dbt_version": "1.7.19", "profile_name": "DBT_QUESTPL", "target_name": "dev", "node_id": "model.DBT_QUESTPL.my_second_dbt_model"} */

  create view `my_dbt_db`.`my_second_dbt_model__dbt_tmp`
    
    
  as (
    -- Use the `ref` function to select from other models

select *
from `my_dbt_db`.`my_first_dbt_model`
where id = 1
  );
[0m00:30:30.530271 [debug] [Thread-1 (]: SQL status: SUCCESS 0 in 0.0 seconds
[0m00:30:30.531387 [debug] [Thread-1 (]: Using mysql connection "model.DBT_QUESTPL.my_second_dbt_model"
[0m00:30:30.531531 [debug] [Thread-1 (]: On model.DBT_QUESTPL.my_second_dbt_model: /* {"app": "dbt", "dbt_version": "1.7.19", "profile_name": "DBT_QUESTPL", "target_name": "dev", "node_id": "model.DBT_QUESTPL.my_second_dbt_model"} */

    drop view if exists `my_dbt_db`.`my_second_dbt_model__dbt_backup` cascade
  
[0m00:30:30.532183 [debug] [Thread-1 (]: SQL status: SUCCESS 0 in 0.0 seconds
[0m00:30:30.532581 [debug] [Thread-1 (]: Using mysql connection "model.DBT_QUESTPL.my_second_dbt_model"
[0m00:30:30.532779 [debug] [Thread-1 (]: On model.DBT_QUESTPL.my_second_dbt_model: /* {"app": "dbt", "dbt_version": "1.7.19", "profile_name": "DBT_QUESTPL", "target_name": "dev", "node_id": "model.DBT_QUESTPL.my_second_dbt_model"} */

    rename table `my_dbt_db`.`my_second_dbt_model` to `my_dbt_db`.`my_second_dbt_model__dbt_backup`
  
[0m00:30:30.533689 [debug] [Thread-1 (]: SQL status: SUCCESS 0 in 0.0 seconds
[0m00:30:30.534753 [debug] [Thread-1 (]: Using mysql connection "model.DBT_QUESTPL.my_second_dbt_model"
[0m00:30:30.534878 [debug] [Thread-1 (]: On model.DBT_QUESTPL.my_second_dbt_model: /* {"app": "dbt", "dbt_version": "1.7.19", "profile_name": "DBT_QUESTPL", "target_name": "dev", "node_id": "model.DBT_QUESTPL.my_second_dbt_model"} */

    drop view if exists `my_dbt_db`.`my_second_dbt_model` cascade
  
[0m00:30:30.535455 [debug] [Thread-1 (]: SQL status: SUCCESS 0 in 0.0 seconds
[0m00:30:30.535783 [debug] [Thread-1 (]: Using mysql connection "model.DBT_QUESTPL.my_second_dbt_model"
[0m00:30:30.535903 [debug] [Thread-1 (]: On model.DBT_QUESTPL.my_second_dbt_model: /* {"app": "dbt", "dbt_version": "1.7.19", "profile_name": "DBT_QUESTPL", "target_name": "dev", "node_id": "model.DBT_QUESTPL.my_second_dbt_model"} */

    rename table `my_dbt_db`.`my_second_dbt_model__dbt_tmp` to `my_dbt_db`.`my_second_dbt_model`
  
[0m00:30:30.537297 [debug] [Thread-1 (]: SQL status: SUCCESS 0 in 0.0 seconds
[0m00:30:30.538011 [debug] [Thread-1 (]: On model.DBT_QUESTPL.my_second_dbt_model: COMMIT
[0m00:30:30.538134 [debug] [Thread-1 (]: Using mysql connection "model.DBT_QUESTPL.my_second_dbt_model"
[0m00:30:30.538249 [debug] [Thread-1 (]: On model.DBT_QUESTPL.my_second_dbt_model: COMMIT
[0m00:30:30.538498 [debug] [Thread-1 (]: SQL status: SUCCESS 0 in 0.0 seconds
[0m00:30:30.539300 [debug] [Thread-1 (]: Using mysql connection "model.DBT_QUESTPL.my_second_dbt_model"
[0m00:30:30.539423 [debug] [Thread-1 (]: On model.DBT_QUESTPL.my_second_dbt_model: /* {"app": "dbt", "dbt_version": "1.7.19", "profile_name": "DBT_QUESTPL", "target_name": "dev", "node_id": "model.DBT_QUESTPL.my_second_dbt_model"} */
drop view if exists `my_dbt_db`.`my_second_dbt_model__dbt_backup`
[0m00:30:30.540649 [debug] [Thread-1 (]: SQL status: SUCCESS 0 in 0.0 seconds
[0m00:30:30.541728 [debug] [Thread-1 (]: Timing info for model.DBT_QUESTPL.my_second_dbt_model (execute): 00:30:30.520995 => 00:30:30.541650
[0m00:30:30.541860 [debug] [Thread-1 (]: On model.DBT_QUESTPL.my_second_dbt_model: Close
[0m00:30:30.542180 [debug] [Thread-1 (]: Sending event: {'category': 'dbt', 'action': 'run_model', 'label': '661abc92-cf2d-4d03-93ab-1d21c8d78938', 'context': [<snowplow_tracker.self_describing_json.SelfDescribingJson object at 0x107ec9340>]}
[0m00:30:30.542380 [info ] [Thread-1 (]: 4 of 4 OK created sql view model my_dbt_db.my_second_dbt_model ................. [[32mSUCCESS 0[0m in 0.02s]
[0m00:30:30.542597 [debug] [Thread-1 (]: Finished running node model.DBT_QUESTPL.my_second_dbt_model
[0m00:30:30.543113 [debug] [MainThread]: Using mysql connection "master"
[0m00:30:30.543225 [debug] [MainThread]: On master: BEGIN
[0m00:30:30.543327 [debug] [MainThread]: Opening a new connection, currently in state closed
[0m00:30:30.548466 [debug] [MainThread]: SQL status: SUCCESS 0 in 0.0 seconds
[0m00:30:30.548596 [debug] [MainThread]: On master: COMMIT
[0m00:30:30.548711 [debug] [MainThread]: Using mysql connection "master"
[0m00:30:30.548818 [debug] [MainThread]: On master: COMMIT
[0m00:30:30.549033 [debug] [MainThread]: SQL status: SUCCESS 0 in 0.0 seconds
[0m00:30:30.549157 [debug] [MainThread]: On master: Close
[0m00:30:30.549401 [debug] [MainThread]: Connection 'master' was properly closed.
[0m00:30:30.549504 [debug] [MainThread]: Connection 'model.DBT_QUESTPL.my_second_dbt_model' was properly closed.
[0m00:30:30.549631 [info ] [MainThread]: 
[0m00:30:30.549769 [info ] [MainThread]: Finished running 3 view models, 1 table model in 0 hours 0 minutes and 0.18 seconds (0.18s).
[0m00:30:30.550127 [debug] [MainThread]: Command end result
[0m00:30:30.552620 [info ] [MainThread]: 
[0m00:30:30.552763 [info ] [MainThread]: [32mCompleted successfully[0m
[0m00:30:30.552883 [info ] [MainThread]: 
[0m00:30:30.553009 [info ] [MainThread]: Done. PASS=4 WARN=0 ERROR=0 SKIP=0 TOTAL=4
[0m00:30:30.553635 [debug] [MainThread]: Resource report: {"command_name": "run", "command_success": true, "command_wall_clock_time": 0.4010004, "process_user_time": 0.905586, "process_kernel_time": 0.082246, "process_mem_max_rss": "119390208", "process_in_blocks": "0", "process_out_blocks": "0"}
[0m00:30:30.553789 [debug] [MainThread]: Command `dbt run` succeeded at 00:30:30.553746 after 0.40 seconds
[0m00:30:30.553922 [debug] [MainThread]: Sending event: {'category': 'dbt', 'action': 'invocation', 'label': 'end', 'context': [<snowplow_tracker.self_describing_json.SelfDescribingJson object at 0x106636a20>, <snowplow_tracker.self_describing_json.SelfDescribingJson object at 0x106b44410>, <snowplow_tracker.self_describing_json.SelfDescribingJson object at 0x107ed6000>]}
[0m00:30:30.554050 [debug] [MainThread]: Flushing usage events
